country,year,iso_code,population,gdp,cement_co2,cement_co2_per_capita,co2,co2_growth_abs,co2_growth_prct,co2_including_luc,co2_including_luc_growth_abs,co2_including_luc_growth_prct,co2_including_luc_per_capita,co2_including_luc_per_gdp,co2_including_luc_per_unit_energy,co2_per_capita,co2_per_gdp,co2_per_unit_energy,coal_co2,coal_co2_per_capita,consumption_co2,consumption_co2_per_capita,consumption_co2_per_gdp,cumulative_cement_co2,cumulative_co2,cumulative_co2_including_luc,cumulative_coal_co2,cumulative_flaring_co2,cumulative_gas_co2,cumulative_luc_co2,cumulative_oil_co2,cumulative_other_co2,energy_per_capita,energy_per_gdp,flaring_co2,flaring_co2_per_capita,gas_co2,gas_co2_per_capita,ghg_excluding_lucf_per_capita,ghg_per_capita,land_use_change_co2,land_use_change_co2_per_capita,methane,methane_per_capita,nitrous_oxide,nitrous_oxide_per_capita,oil_co2,oil_co2_per_capita,other_co2_per_capita,other_industry_co2,primary_energy_consumption,share_global_cement_co2,share_global_co2,share_global_co2_including_luc,share_global_coal_co2,share_global_cumulative_cement_co2,share_global_cumulative_co2,share_global_cumulative_co2_including_luc,share_global_cumulative_coal_co2,share_global_cumulative_flaring_co2,share_global_cumulative_gas_co2,share_global_cumulative_luc_co2,share_global_cumulative_oil_co2,share_global_cumulative_other_co2,share_global_flaring_co2,share_global_gas_co2,share_global_luc_co2,share_global_oil_co2,share_global_other_co2,share_of_temperature_change_from_ghg,temperature_change_from_ch4,temperature_change_from_co2,temperature_change_from_ghg,temperature_change_from_n2o,total_ghg,total_ghg_excluding_lucf,trade_co2,trade_co2_share
Afghanistan,2022,AFG,41128772.0,53303472128.0,0.016,0.0,12.148,-0.135,-1.101,12.193,-0.073,-0.594,0.296,0.229,,0.295,0.228,,4.485,0.109,,,,2.537,230.756,535.809,62.736,5.956,20.224,816.129,139.304,,,,0.0,0.0,0.143,0.003,,,0.045,0.001,,,,,7.504,0.182,,,,0.001,0.033,0.029,0.029,0.005,0.013,0.021,0.008,0.031,0.008,0.102,0.023,,0.0,0.002,0.001,0.063,,0.083,0.001,0.001,0.001,0.0,,,,
Africa,2022,,1426736614.0,,85.509,0.06,1416.627,-18.588,-1.295,2532.478,-91.373,-3.482,1.777,0.389,0.732,0.994,0.217,0.409,401.602,0.282,,,,2026.07,51012.395,180054.453,20937.314,3631.451,6636.664,166203.109,17780.895,,4079.04,,54.754,0.038,322.712,0.226,,,1115.87,0.783,,,,,552.049,0.387,,,5819.716,5.326,3.813,6.108,2.639,4.344,2.877,7.005,2.556,18.743,2.535,20.724,2.887,,13.776,4.165,25.891,4.648,,9.247,0.062,0.079,0.151,0.01,,,,
Africa (GCP),2022,,,,,,1416.609,,,,,,,,,,,,,,,,,,,,,,,,,,,,,,,,,,,,,,,,,,,,,,,,,,,,,,,,,,,,,,,,,,,,,,,
Albania,2022,ALB,2842318.0,36171005952.0,1.312,0.462,4.955,0.051,1.042,5.058,0.036,0.711,1.78,0.14,,1.743,0.137,,0.529,0.186,,,,26.015,298.888,537.838,67.912,0.152,16.754,401.181,188.055,,,,0.015,0.005,0.113,0.04,,,0.104,0.037,,,,,2.985,1.05,,,,0.082,0.013,0.012,0.003,0.056,0.017,0.021,0.008,0.001,0.006,0.05,0.031,,0.004,0.001,0.002,0.025,,0.023,0.0,0.0,0.0,0.0,,,,
Algeria,2022,DZA,44903228.0,595820019712.0,9.555,0.213,176.345,-3.88,-2.153,178.27,-3.904,-2.143,3.97,0.299,0.243,3.927,0.296,0.24,0.502,0.011,,,,244.077,5076.845,5995.795,116.853,751.692,2248.806,1217.094,1715.417,,16350.52,1.232,16.194,0.361,89.967,2.004,,,1.925,0.043,,,,,60.127,1.339,,,734.191,0.595,0.475,0.43,0.003,0.523,0.286,0.233,0.014,3.88,0.859,0.152,0.279,,4.075,1.161,0.045,0.506,,0.403,0.004,0.003,0.007,0.0,,,,
Andorra,2022,AND,79843.0,,0.0,0.0,0.369,0.006,1.542,0.365,0.007,2.066,4.575,,,4.617,,,0.0,0.0,,,,0.0,15.692,16.633,0.0,0.0,0.0,0.942,15.692,,,,0.0,0.0,0.0,0.0,,,-0.003,-0.042,,,,,0.369,4.617,,,,0.0,0.001,0.001,0.0,0.0,0.001,0.001,0.0,0.0,0.0,0.0,0.003,,0.0,0.0,-0.0,0.003,,0.001,0.0,0.0,0.0,0.0,,,,
Angola,2022,AGO,35588996.0,158346248192.0,1.201,0.034,16.07,-1.435,-8.2,53.263,-6.013,-10.144,1.497,0.336,,0.452,0.101,,0.0,0.0,,,,27.125,678.975,6363.814,1.601,272.004,48.346,10309.416,329.899,,,,3.151,0.089,2.488,0.07,,,37.193,1.045,,,,,9.23,0.259,,,,0.075,0.043,0.128,0.0,0.058,0.038,0.248,0.0,1.404,0.018,1.285,0.054,,0.793,0.032,0.863,0.078,,0.412,0.003,0.004,0.007,0.0,,,,
Anguilla,2022,AIA,15877.0,,0.0,0.0,0.139,0.001,0.922,,,,,,,8.753,,,0.0,0.0,,,,0.0,3.329,,0.0,0.0,0.0,,3.329,,,,0.0,0.0,0.0,0.0,,,,,,,,,0.139,8.753,,,,0.0,0.0,,0.0,0.0,0.0,,0.0,0.0,0.0,,0.001,,0.0,0.0,,0.001,,0.0,0.0,0.0,0.0,0.0,,,,
Antarctica,2022,ATA,,,,,,,,,,,,,,,,,,,,,,,,,,,,,,,,,,,,,,,,,,,,,,,,,,,,,,,,,,,,,,,,,,,,0.0,,0.0,0.0,,,,,
Antigua and Barbuda,2022,ATG,93772.0,,0.0,0.0,0.602,0.005,0.922,0.587,0.006,0.959,6.256,,,6.422,,,0.0,0.0,,,,0.0,25.44,24.064,0.0,0.0,0.0,-7.782,25.44,,,,0.0,0.0,0.0,0.0,,,-0.016,-0.166,,,,,0.602,6.422,,,,0.0,0.002,0.001,0.0,0.0,0.001,0.001,0.0,0.0,0.0,-0.001,0.004,,0.0,0.0,-0.0,0.005,,0.001,0.0,0.0,0.0,0.0,,,,
Argentina,2022,ARG,45510324.0,854914301952.0,5.063,0.111,192.864,3.12,1.644,218.89,-1.839,-0.833,4.81,0.256,0.213,4.238,0.226,0.187,4.946,0.109,,,,206.627,8814.511,21705.352,548.038,168.977,3060.497,13491.665,4830.372,,22618.625,1.204,2.195,0.048,92.466,2.032,,,26.026,0.572,,,,,88.195,1.938,,,1029.381,0.315,0.519,0.528,0.033,0.443,0.497,0.844,0.067,0.872,1.169,1.682,0.784,,0.552,1.193,0.604,0.743,,1.155,0.006,0.011,0.019,0.001,,,,
Armenia,2022,ARM,2780472.0,39721734144.0,0.492,0.177,6.408,-0.656,-9.292,6.779,-0.676,-9.073,2.438,0.171,,2.305,0.161,,0.037,0.013,,,,15.698,389.727,620.537,44.742,2.156,166.753,234.705,160.377,,,,0.0,0.0,4.199,1.51,,,0.371,0.133,,,,,1.68,0.604,,,,0.031,0.017,0.016,0.0,0.034,0.022,0.024,0.005,0.011,0.064,0.029,0.026,,0.0,0.054,0.009,0.014,,0.021,0.0,0.0,0.0,0.0,,,,
Aruba,2022,ABW,106459.0,,0.0,0.0,0.866,0.008,0.922,,,,,,,8.133,,,0.0,0.0,,,,0.0,77.821,,0.0,0.0,0.0,,77.821,,,,0.0,0.0,0.0,0.0,,,,,,,,,0.866,8.133,,,,0.0,0.002,,0.0,0.0,0.004,,0.0,0.0,0.0,,0.013,,0.0,0.0,,0.007,,0.002,0.0,0.0,0.0,0.0,,,,
Asia,2022,,4721383370.0,,1281.388,0.271,21772.348,333.666,1.556,24071.938,432.515,1.83,5.098,0.361,0.281,4.611,0.326,0.254,12350.816,2.616,,,,29222.504,578424.625,838635.5,307364.688,6676.132,63861.43,321034.938,165415.625,5884.242,18552.297,,113.168,0.024,3136.482,0.664,,,2609.111,0.553,,,,,4689.12,0.993,0.043,201.373,87592.508,79.814,58.607,58.061,81.152,62.651,32.626,32.628,37.521,34.457,24.396,40.029,26.857,58.891,28.473,40.479,60.537,39.478,66.857,36.27,0.196,0.371,0.593,0.027,,,,
Asia (GCP),2022,,,,,,19102.592,,,,,,,,,,,,,,,,,,,,,,,,,,,,,,,,,,,,,,,,,,,,,,,,,,,,,,,,,,,,,,,,,,,,,,,
Asia (excl. China and India),2022,,,,353.701,0.188,7545.928,117.7,1.584,8829.604,156.415,1.803,4.701,0.301,0.283,4.017,0.257,0.242,2245.823,1.196,,,,10030.637,258064.688,416554.719,73392.906,6345.414,53263.234,211941.469,114219.352,813.152,,,105.566,0.056,2257.301,1.202,,,1593.199,0.848,,,,,2553.702,1.36,0.016,29.834,,22.031,20.312,21.297,14.756,21.505,14.556,16.206,8.959,32.75,20.347,26.427,18.545,8.138,26.561,29.132,36.966,21.5,9.905,18.834,0.098,0.198,0.308,0.011,,,,
Australia,2022,AUS,26177410.0,1344251494400.0,2.9,0.111,392.279,5.672,1.467,376.878,-3.573,-0.939,14.397,0.28,0.227,14.985,0.292,0.236,144.105,5.505,,,,197.176,19285.053,33023.266,10277.016,306.594,2236.357,13739.009,6148.955,118.955,63452.266,1.236,13.28,0.507,83.499,3.19,,,-15.402,-0.588,,,,,144.457,5.518,0.154,4.037,1661.016,0.181,1.056,0.909,0.947,0.423,1.088,1.285,1.255,1.582,0.854,1.713,0.998,1.191,3.341,1.078,-0.357,1.216,1.34,1.52,0.007,0.015,0.025,0.003,,,,
Austria,2022,AUT,8939617.0,398815395840.0,1.889,0.211,61.488,-4.53,-6.862,59.63,-4.3,-6.726,6.67,0.15,0.157,6.878,0.154,0.162,11.298,1.264,,,,141.675,5635.137,5814.025,2755.161,4.823,756.508,207.21,1939.031,37.94,42481.578,0.952,0.084,0.009,15.819,1.769,,,-1.859,-0.208,,,,,31.111,3.48,0.144,1.288,379.769,0.118,0.166,0.144,0.074,0.304,0.318,0.226,0.336,0.025,0.289,0.026,0.315,0.38,0.021,0.204,-0.043,0.262,0.428,0.179,0.0,0.002,0.003,0.0,,,,
Azerbaijan,2022,AZE,10358078.0,175370551296.0,1.081,0.104,38.063,-0.271,-0.707,46.217,-0.02,-0.044,4.462,0.264,0.22,3.675,0.217,0.181,0.004,0.0,,,,32.912,2539.715,3396.901,0.289,15.3,1089.861,887.945,1401.353,,20301.668,1.199,0.371,0.036,23.792,2.297,,,8.155,0.787,,,,,12.814,1.237,,,210.286,0.067,0.102,0.111,0.0,0.071,0.143,0.132,0.0,0.079,0.416,0.111,0.228,,0.093,0.307,0.189,0.108,,0.137,0.001,0.001,0.002,0.0,,,,
Bahamas,2022,BHS,409989.0,,0.0,0.0,2.12,0.019,0.92,2.085,0.021,1.029,5.085,,,5.171,,,0.003,0.008,,,,4.262,173.183,175.697,0.271,0.0,0.0,7.498,168.65,,,,0.0,0.0,0.0,0.0,,,-0.035,-0.085,,,,,2.117,5.163,,,,0.0,0.006,0.005,0.0,0.009,0.01,0.007,0.0,0.0,0.0,0.001,0.027,,0.0,0.0,-0.001,0.018,,0.006,0.0,0.0,0.0,0.0,,,,
Bahrain,2022,BHR,1472237.0,58769760256.0,0.213,0.145,37.796,-0.327,-0.857,37.796,-0.327,-0.857,25.672,0.643,,25.672,0.643,,0.0,0.0,,,,6.941,1011.341,1011.348,0.154,2.194,778.101,0.008,223.952,,,,0.177,0.12,33.613,22.831,,,0.0,0.0,,,,,3.793,2.577,,,,0.013,0.102,0.091,0.0,0.015,0.057,0.039,0.0,0.011,0.297,0.0,0.036,,0.044,0.434,0.0,0.032,,0.095,0.001,0.0,0.002,0.0,,,,
Bangladesh,2022,BGD,171186368.0,858143916032.0,1.514,0.009,102.103,3.343,3.385,110.903,3.5,3.259,0.648,0.129,0.214,0.596,0.119,0.197,8.223,0.048,,,,25.276,1769.944,3253.122,130.21,0.321,1089.06,3373.787,525.077,,3025.794,0.604,0.039,0.0,58.328,0.341,,,8.799,0.051,,,,,34.0,0.199,,,517.975,0.094,0.275,0.267,0.054,0.054,0.1,0.127,0.016,0.002,0.416,0.421,0.085,,0.01,0.753,0.204,0.286,,0.415,0.004,0.002,0.007,0.001,,,,
Barbados,2022,BRB,281646.0,3408005888.0,0.106,0.376,1.233,0.006,0.525,1.041,-0.003,-0.285,3.697,0.306,,4.377,0.362,,0.0,0.0,,,,3.954,70.08,69.865,0.055,0.231,1.79,3.2,64.051,,,,0.011,0.039,0.033,0.116,,,-0.192,-0.68,,,,,1.083,3.846,,,,0.007,0.003,0.003,0.0,0.008,0.004,0.003,0.0,0.001,0.001,0.0,0.01,,0.003,0.0,-0.004,0.009,,0.003,0.0,0.0,0.0,0.0,,,,
Belarus,2022,BLR,9534956.0,175773810688.0,2.239,0.235,58.801,-2.137,-3.507,61.928,-2.096,-3.274,6.495,0.352,0.21,6.167,0.335,0.2,3.863,0.405,,,,85.332,5071.251,10061.206,548.12,10.148,1374.82,5228.061,2998.115,54.716,30868.787,1.674,0.006,0.001,35.107,3.682,,,3.127,0.328,,,,,16.635,1.745,0.1,0.951,294.333,0.139,0.158,0.149,0.025,0.183,0.286,0.391,0.067,0.052,0.525,0.652,0.487,0.548,0.002,0.453,0.073,0.14,0.316,0.351,0.001,0.004,0.006,0.001,,,,
Belgium,2022,BEL,11655923.0,489678405632.0,2.659,0.228,89.605,-6.063,-6.337,92.952,-5.933,-6.0,7.975,0.19,0.134,7.688,0.183,0.129,12.772,1.096,,,,225.921,12734.939,12974.864,7547.833,3.425,1402.599,381.088,3477.629,77.533,59582.27,1.418,0.099,0.008,31.649,2.715,,,3.346,0.287,,,,,40.705,3.492,0.148,1.721,694.486,0.166,0.241,0.224,0.084,0.484,0.718,0.505,0.921,0.018,0.536,0.048,0.565,0.776,0.025,0.408,0.078,0.343,0.571,0.412,0.001,0.006,0.007,0.0,,,,
Belize,2022,BLZ,405285.0,,0.0,0.0,0.725,0.023,3.301,6.879,-2.766,-28.681,16.973,,,1.789,,,0.0,0.0,,,,0.0,20.573,349.823,0.0,0.012,0.051,441.582,20.51,,,,0.006,0.014,0.0,0.0,,,6.154,15.184,,,,,0.72,1.776,,,,0.0,0.002,0.017,0.0,0.0,0.001,0.014,0.0,0.0,0.0,0.055,0.003,,0.001,0.0,0.143,0.006,,0.011,0.0,0.0,0.0,0.0,,,,
Benin,2022,BEN,13352864.0,33290362880.0,0.363,0.027,8.432,0.12,1.44,11.835,-0.472,-3.833,0.886,0.356,,0.631,0.253,,0.293,0.022,,,,6.717,129.513,1298.637,2.025,0.0,1.336,1088.22,119.436,,,,0.0,0.0,0.326,0.024,,,3.403,0.255,,,,,7.451,0.558,,,,0.023,0.023,0.029,0.002,0.014,0.007,0.051,0.0,0.0,0.001,0.136,0.019,,0.0,0.004,0.079,0.063,,0.054,0.0,0.001,0.001,0.0,,,,
Bermuda,2022,BMU,64207.0,,0.0,0.0,0.445,0.004,0.922,,,,,,,6.937,,,0.0,0.0,,,,0.0,29.81,,0.04,0.0,0.0,,29.77,,,,0.0,0.0,0.0,0.0,,,,,,,,,0.445,6.937,,,,0.0,0.001,,0.0,0.0,0.002,,0.0,0.0,0.0,,0.005,,0.0,0.0,,0.004,,0.001,,0.0,0.0,,,,,
Bhutan,2022,BTN,782457.0,,0.438,0.56,1.056,-0.007,-0.626,6.955,-0.544,-7.258,8.889,,,1.349,,,0.198,0.253,,,,6.675,21.278,1130.091,5.267,0.0,0.0,1108.812,9.336,,,,0.0,0.0,0.0,0.0,,,5.9,7.54,,,,,0.42,0.536,,,,0.027,0.003,0.017,0.001,0.014,0.001,0.044,0.001,0.0,0.0,0.138,0.002,,0.0,0.0,0.137,0.004,,0.021,0.0,0.0,0.0,0.0,,,,
Bolivia,2022,BOL,12224114.0,78165311488.0,1.533,0.125,21.494,-0.232,-1.069,28.073,-2.553,-8.335,2.297,0.359,,1.758,0.275,,0.026,0.002,,,,30.325,582.521,5904.808,0.436,49.161,170.32,7624.05,332.278,,,,0.077,0.006,7.161,0.586,,,6.579,0.538,,,,,12.697,1.039,,,,0.096,0.058,0.068,0.0,0.065,0.033,0.23,0.0,0.254,0.065,0.951,0.054,,0.019,0.092,0.153,0.107,,0.289,0.001,0.003,0.005,0.0,,,,
Bonaire Sint Eustatius and Saba,2022,BES,27052.0,,0.0,0.0,0.11,0.001,0.921,,,,,,,4.083,,,0.0,0.0,,,,0.0,8.275,,0.0,0.0,0.0,,8.275,,,,0.0,0.0,0.0,0.0,,,,,,,,,0.11,4.083,,,,0.0,0.0,,0.0,0.0,0.0,,0.0,0.0,0.0,,0.001,,0.0,0.0,,0.001,,0.0,,0.0,0.0,,,,,
Bosnia and Herzegovina,2022,BIH,3233530.0,47069138944.0,0.42,0.13,19.736,-0.202,-1.014,21.367,0.06,0.284,6.608,0.454,,6.103,0.419,,14.656,4.533,,,,12.214,1002.251,1819.894,792.699,0.331,24.992,1137.835,172.016,,,,0.0,0.0,0.431,0.133,,,1.631,0.504,,,,,4.229,1.308,,,,0.026,0.053,0.052,0.096,0.026,0.057,0.071,0.097,0.002,0.01,0.142,0.028,,0.0,0.006,0.038,0.036,,0.058,0.0,0.001,0.001,0.0,,,,
Botswana,2022,BWA,2630300.0,39293968384.0,0.0,0.0,7.467,1.331,21.688,5.237,1.243,31.135,1.991,0.133,,2.839,0.19,,4.684,1.781,,,,0.237,162.867,258.906,95.336,0.0,0.004,256.508,67.29,,,,0.0,0.0,0.0,0.0,,,-2.23,-0.848,,,,,2.783,1.058,,,,0.0,0.02,0.013,0.031,0.001,0.009,0.01,0.012,0.0,0.0,0.032,0.011,,0.0,0.0,-0.052,0.023,,0.044,0.0,0.0,0.001,0.0,,,,
Brazil,2022,BRA,215313504.0,3187413090304.0,23.619,0.11,483.477,-13.729,-2.761,1596.469,-59.297,-3.581,7.415,0.501,0.428,2.245,0.152,0.13,56.21,0.261,,,,822.539,17176.787,132783.469,2544.488,472.677,1387.833,119764.68,11773.22,176.029,17333.797,1.171,17.505,0.081,59.788,0.278,,,1112.991,5.169,,,,,319.964,1.486,0.03,6.392,3732.201,1.471,1.301,3.851,0.369,1.763,0.969,5.166,0.311,2.44,0.53,14.933,1.912,1.762,4.404,0.772,25.824,2.694,2.122,4.995,0.025,0.054,0.082,0.003,,,,
British Virgin Islands,2022,VGB,31332.0,,0.0,0.0,0.157,0.001,0.922,,,,,,,5.004,,,0.0,0.0,,,,0.0,5.812,,0.0,0.0,0.0,,5.812,,,,0.0,0.0,0.0,0.0,,,,,,,,,0.157,5.004,,,,0.0,0.0,,0.0,0.0,0.0,,0.0,0.0,0.0,,0.001,,0.0,0.0,,0.001,,0.0,0.0,0.0,0.0,0.0,,,,
Brunei,2022,BRN,449002.0,,0.0,0.0,10.754,-0.548,-4.85,12.025,-0.556,-4.417,26.781,,,23.95,,,2.173,4.841,,,,0.0,401.404,511.126,7.108,80.692,214.28,109.723,99.324,,,,0.171,0.381,4.95,11.025,,,1.271,2.831,,,,,3.459,7.703,,,,0.0,0.029,0.029,0.014,0.0,0.023,0.02,0.001,0.416,0.082,0.014,0.016,,0.043,0.064,0.029,0.029,,0.031,0.0,0.0,0.0,0.0,,,,
Bulgaria,2022,BGR,6781955.0,138390159360.0,1.051,0.155,46.147,3.866,9.142,41.168,4.097,11.053,6.07,0.297,0.179,6.804,0.333,0.201,24.062,3.548,,,,106.803,3916.704,4973.635,2192.001,10.46,347.674,1207.15,1230.598,29.168,33836.168,1.658,0.563,0.083,5.135,0.757,,,-4.98,-0.734,,,,,14.023,2.068,0.194,1.313,229.475,0.065,0.124,0.099,0.158,0.229,0.221,0.194,0.268,0.054,0.133,0.151,0.2,0.292,0.142,0.066,-0.116,0.118,0.436,0.16,0.0,0.002,0.003,0.0,,,,
Burkina Faso,2022,BFA,22673764.0,37320441856.0,1.178,0.052,5.962,0.083,1.419,4.145,-0.351,-7.8,0.183,0.111,,0.263,0.16,,0.0,0.0,,,,8.706,80.824,1026.34,0.005,0.0,0.0,1136.156,72.114,,,,0.0,0.0,0.0,0.0,,,-1.817,-0.08,,,,,4.784,0.211,,,,0.073,0.016,0.01,0.0,0.019,0.005,0.04,0.0,0.0,0.0,0.142,0.012,,0.0,0.0,-0.042,0.04,,0.091,0.001,0.001,0.001,0.0,,,,
Burundi,2022,BDI,12889583.0,9177076736.0,0.003,0.0,0.798,-0.002,-0.194,2.721,-0.147,-5.116,0.211,0.297,,0.062,0.087,,0.03,0.002,,,,0.008,14.542,328.089,0.757,0.0,0.0,604.655,13.777,,,,0.0,0.0,0.0,0.0,,,1.923,0.149,,,,,0.766,0.059,,,,0.0,0.002,0.007,0.0,0.0,0.001,0.013,0.0,0.0,0.0,0.075,0.002,,0.0,0.0,0.045,0.006,,0.031,0.0,0.0,0.001,0.0,,,,
Cambodia,2022,KHM,16767851.0,65136594944.0,5.887,0.351,19.955,-0.175,-0.871,48.548,-1.066,-2.148,2.895,0.745,,1.19,0.306,,4.451,0.265,,,,33.662,207.148,3124.693,31.992,0.024,0.0,4849.805,141.47,,,,0.0,0.0,0.0,0.0,,,28.593,1.705,,,,,9.617,0.574,,,,0.367,0.054,0.117,0.029,0.072,0.012,0.122,0.004,0.0,0.0,0.605,0.023,,0.0,0.0,0.663,0.081,,0.151,0.001,0.001,0.002,0.0,,,,
Cameroon,2022,CMR,27914542.0,82727796736.0,1.744,0.062,9.573,-0.725,-7.041,31.517,-2.124,-6.313,1.129,0.381,,0.343,0.116,,0.0,0.0,,,,21.009,290.016,2692.052,0.263,55.307,16.089,3617.633,197.348,,,,1.402,0.05,1.7,0.061,,,21.945,0.786,,,,,4.726,0.169,,,,0.109,0.026,0.076,0.0,0.045,0.016,0.105,0.0,0.285,0.006,0.451,0.032,,0.353,0.022,0.509,0.04,,0.181,0.001,0.002,0.003,0.0,,,,
Canada,2022,CAN,38454328.0,1761295597568.0,7.38,0.192,547.944,10.77,2.005,665.826,10.204,1.556,17.315,0.378,0.168,14.249,0.311,0.138,35.797,0.931,,,,383.652,34613.203,75189.242,9760.261,645.044,8521.11,40576.406,15212.396,90.74,103290.68,2.255,17.164,0.446,240.394,6.251,,,117.883,3.066,,,,,245.074,6.373,0.056,2.135,3971.974,0.46,1.475,1.606,0.235,0.823,1.952,2.925,1.191,3.329,3.255,5.059,2.47,0.908,4.318,3.102,2.735,2.063,0.709,2.13,0.006,0.028,0.035,0.001,,,,
Cape Verde,2022,CPV,593162.0,4251154688.0,0.0,0.0,0.569,0.01,1.775,0.434,0.004,0.84,0.732,0.102,,0.959,0.134,,0.0,0.0,,,,0.072,15.468,19.318,0.244,0.0,0.0,7.39,15.152,,,,0.0,0.0,0.0,0.0,,,-0.135,-0.227,,,,,0.569,0.959,,,,0.0,0.002,0.001,0.0,0.0,0.001,0.001,0.0,0.0,0.0,0.001,0.002,,0.0,0.0,-0.003,0.005,,0.001,0.0,0.0,0.0,0.0,,,,
Central African Republic,2022,CAF,5579148.0,3752056576.0,0.0,0.0,0.226,-0.023,-9.232,2.572,-0.022,-0.842,0.461,0.685,,0.041,0.06,,0.0,0.0,,,,0.0,11.798,499.603,0.019,0.0,0.0,865.315,11.778,,,,0.0,0.0,0.0,0.0,,,2.346,0.42,,,,,0.226,0.041,,,,0.0,0.001,0.006,0.0,0.0,0.001,0.019,0.0,0.0,0.0,0.108,0.002,,0.0,0.0,0.054,0.002,,0.077,0.001,0.0,0.001,0.0,,,,
Central America (GCP),2022,,,,,,161.836,,,,,,,,,,,,,,,,,,,,,,,,,,,,,,,,,,,,,,,,,,,,,,,,,,,,,,,,,,,,,,,,,,,,,,,
Chad,2022,TCD,17723312.0,24118011904.0,0.198,0.011,2.369,-0.097,-3.947,13.372,-1.003,-6.977,0.755,0.554,,0.134,0.098,,0.0,0.0,,,,1.368,44.932,777.319,0.012,5.263,0.0,1244.954,38.289,,,,0.417,0.024,0.0,0.0,,,11.003,0.621,,,,,1.754,0.099,,,,0.012,0.006,0.032,0.0,0.003,0.003,0.03,0.0,0.027,0.0,0.155,0.006,,0.105,0.0,0.255,0.015,,0.164,0.002,0.001,0.003,0.0,,,,
Chile,2022,CHL,19603736.0,448338100224.0,0.976,0.05,84.378,-4.659,-5.233,109.531,-7.221,-6.185,5.587,0.244,0.218,4.304,0.188,0.168,21.318,1.087,,,,58.338,3085.973,6989.284,954.273,82.876,333.978,4600.476,1656.508,,25684.15,1.123,0.008,0.0,13.553,0.691,,,25.153,1.283,,,,,48.522,2.475,,,503.505,0.061,0.227,0.264,0.14,0.125,0.174,0.272,0.116,0.428,0.128,0.574,0.269,,0.002,0.175,0.584,0.409,,0.254,0.001,0.003,0.004,0.0,,,,
China,2022,CHN,1425887360.0,26966017179648.0,763.365,0.535,11396.777,60.544,0.534,12378.281,137.752,1.125,8.681,0.459,0.278,7.993,0.423,0.256,8250.736,5.786,,,,16403.186,260619.234,322660.094,195401.453,158.329,7896.012,66719.062,35689.184,5071.09,31220.076,1.651,4.678,0.003,755.172,0.53,,,981.504,0.688,,,,,1451.287,1.018,0.12,171.539,44516.312,47.548,30.678,29.856,54.212,35.167,14.7,12.553,23.854,0.817,3.016,8.319,5.795,50.752,1.177,9.746,22.773,12.218,56.952,12.659,0.063,0.135,0.207,0.009,,,,
Christmas Island,2022,CXR,,,,,,,,,,,,,,,,,,,,,,,,,,,,,,,,,,,,,,,,,,,,,,,,,,,,,,,,,,,,,,,,,,,,0.0,,0.0,0.0,,,,,
Colombia,2022,COL,51874028.0,742716997632.0,6.218,0.12,99.718,3.953,4.127,136.969,3.479,2.606,2.64,0.184,0.225,1.922,0.134,0.163,9.869,0.19,,,,196.155,3635.832,20189.629,763.236,70.635,690.222,22504.525,1915.585,,11760.556,0.821,0.458,0.009,22.932,0.442,,,37.251,0.718,,,,,60.241,1.161,,,610.067,0.387,0.268,0.33,0.065,0.421,0.205,0.785,0.093,0.365,0.264,2.806,0.311,,0.115,0.296,0.864,0.507,,0.883,0.004,0.01,0.014,0.001,,,,
Comoros,2022,COM,836783.0,1682077056.0,0.0,0.0,0.413,-0.002,-0.571,0.349,-0.009,-2.434,0.417,0.208,,0.493,0.245,,0.0,0.0,,,,0.0,6.258,14.411,0.0,0.0,0.0,16.573,6.258,,,,0.0,0.0,0.0,0.0,,,-0.064,-0.076,,,,,0.413,0.493,,,,0.0,0.001,0.001,0.0,0.0,0.0,0.001,0.0,0.0,0.0,0.002,0.001,,0.0,0.0,-0.001,0.003,,0.002,0.0,0.0,0.0,0.0,,,,
Congo,2022,COG,5970430.0,23679010816.0,0.31,0.052,7.432,0.176,2.426,14.795,-0.462,-3.03,2.478,0.625,,1.245,0.314,,0.0,0.0,,,,3.542,172.243,2018.197,0.036,88.741,15.507,3427.218,64.417,,,,3.421,0.573,1.968,0.33,,,7.363,1.233,,,,,1.733,0.29,,,,0.019,0.02,0.036,0.0,0.008,0.01,0.079,0.0,0.458,0.006,0.427,0.01,,0.861,0.025,0.171,0.015,,0.113,0.001,0.001,0.002,0.0,,,,
Cook Islands,2022,COK,17032.0,,0.0,0.0,0.068,-0.001,-1.128,0.068,-0.001,-1.128,3.995,,,3.995,,,0.0,0.0,,,,0.0,2.559,2.559,0.0,0.0,0.0,0.0,2.559,,,,0.0,0.0,0.0,0.0,,,0.0,0.0,,,,,0.068,3.995,,,,0.0,0.0,0.0,0.0,0.0,0.0,0.0,0.0,0.0,0.0,0.0,0.0,,0.0,0.0,0.0,0.001,,0.0,0.0,0.0,0.0,0.0,,,,
Costa Rica,2022,CRI,5180836.0,80345899008.0,0.378,0.073,7.889,0.233,3.048,9.328,0.308,3.418,1.801,0.116,,1.523,0.098,,0.0,0.0,,,,20.988,267.783,1608.943,0.799,0.0,0.0,2270.214,245.997,,,,0.0,0.0,0.0,0.0,,,1.44,0.278,,,,,7.511,1.45,,,,0.024,0.021,0.022,0.0,0.045,0.015,0.063,0.0,0.0,0.0,0.283,0.04,,0.0,0.0,0.033,0.063,,0.07,0.0,0.001,0.001,0.0,,,,
Cote d'Ivoire,2022,CIV,28160548.0,121472000000.0,0.0,0.0,11.734,0.005,0.041,27.293,-0.294,-1.066,0.969,0.225,,0.417,0.097,,0.0,0.0,,,,0.0,366.46,12941.796,0.656,4.17,86.004,12575.336,275.63,,,,0.048,0.002,4.461,0.158,,,15.559,0.553,,,,,7.225,0.257,,,,0.0,0.032,0.066,0.0,0.0,0.021,0.504,0.0,0.022,0.033,1.568,0.045,,0.012,0.058,0.361,0.061,,0.298,0.001,0.004,0.005,0.0,,,,
Croatia,2022,HRV,4030361.0,102284648448.0,1.186,0.294,17.526,0.115,0.663,13.974,0.105,0.754,3.467,0.137,0.15,4.349,0.171,0.188,1.652,0.41,,,,80.907,1146.477,1840.664,147.875,19.149,212.736,998.817,679.77,6.04,23116.369,0.911,0.284,0.07,4.825,1.197,,,-3.552,-0.881,,,,,9.393,2.331,0.046,0.186,93.167,0.074,0.047,0.034,0.011,0.173,0.065,0.072,0.018,0.099,0.081,0.125,0.11,0.06,0.071,0.062,-0.082,0.079,0.062,0.061,0.0,0.001,0.001,0.0,,,,
Cuba,2022,CUB,11212198.0,84154974208.0,0.368,0.033,20.921,-0.019,-0.093,12.082,-0.03,-0.246,1.078,0.144,,1.866,0.249,,0.003,0.0,,,,59.491,1663.968,4711.792,11.281,0.85,44.78,4070.768,1547.567,,,,0.086,0.008,1.921,0.171,,,-8.839,-0.788,,,,,18.543,1.654,,,,0.023,0.056,0.029,0.0,0.128,0.094,0.183,0.001,0.004,0.017,0.508,0.251,,0.022,0.025,-0.205,0.156,,0.187,0.001,0.002,0.003,0.0,,,,
Curacao,2022,CUW,191173.0,,0.0,0.0,1.757,0.016,0.922,,,,,,,9.189,,,0.0,0.0,,,,0.0,584.979,,0.0,0.0,0.791,,584.188,,,,0.0,0.0,0.0,0.0,,,,,,,,,1.757,9.189,,,,0.0,0.005,,0.0,0.0,0.033,,0.0,0.0,0.0,,0.095,,0.0,0.0,,0.015,,0.016,,0.0,0.0,,,,,
Cyprus,2022,CYP,1251492.0,34255009792.0,0.879,0.702,7.029,0.0,0.0,6.957,0.016,0.234,5.559,0.203,0.22,5.617,0.205,0.222,0.159,0.127,,,,34.964,307.303,260.472,4.2,0.0,0.029,68.188,266.767,1.343,25309.33,0.925,0.0,0.0,0.0,0.0,,,-0.072,-0.058,,,,,5.973,4.773,0.015,0.018,31.674,0.055,0.019,0.017,0.001,0.075,0.017,0.01,0.001,0.0,0.0,0.009,0.043,0.013,0.0,0.0,-0.002,0.05,0.006,0.012,0.0,0.0,0.0,0.0,,,,
Czechia,2022,CZE,10493990.0,342966829056.0,1.958,0.187,97.969,1.304,1.349,88.262,1.723,1.991,8.411,0.257,0.194,9.336,0.286,0.215,56.248,5.36,,,,151.998,12175.354,11893.126,9785.811,8.924,706.699,-172.635,1467.529,54.393,43427.824,1.329,0.055,0.005,15.582,1.485,,,-9.707,-0.925,,,,,22.494,2.144,0.156,1.632,455.731,0.122,0.264,0.213,0.37,0.326,0.687,0.463,1.195,0.046,0.27,-0.022,0.238,0.544,0.014,0.201,-0.225,0.189,0.542,0.358,0.001,0.005,0.006,0.0,,,,
Democratic Republic of Congo,2022,COD,99010216.0,91314987008.0,0.604,0.006,3.602,-0.339,-8.605,516.019,-44.503,-7.94,5.212,5.651,,0.036,0.039,,0.0,0.0,,,,14.554,223.094,24105.971,46.792,20.503,0.249,25187.162,140.996,,,,0.387,0.004,0.0,0.0,,,512.418,5.175,,,,,2.61,0.026,,,,0.038,0.01,1.245,0.0,0.031,0.013,0.938,0.006,0.106,0.0,3.141,0.023,,0.097,0.0,11.889,0.022,,0.706,0.002,0.009,0.012,0.0,,,,
Denmark,2022,DNK,5882259.0,299429003264.0,1.215,0.206,29.059,-0.549,-1.854,29.71,-0.616,-2.031,5.051,0.099,0.151,4.94,0.097,0.147,4.207,0.715,,,,81.22,4142.163,5548.381,1850.372,18.847,281.424,1407.702,1894.433,15.868,33537.797,0.659,0.111,0.019,3.562,0.605,,,0.651,0.111,,,,,19.524,3.319,0.075,0.44,197.278,0.076,0.078,0.072,0.028,0.174,0.234,0.216,0.226,0.097,0.108,0.176,0.308,0.159,0.028,0.046,0.015,0.164,0.146,0.179,0.0,0.002,0.003,0.0,,,,
Djibouti,2022,DJI,1120851.0,3395681536.0,0.139,0.124,0.453,-0.002,-0.396,0.53,-0.001,-0.187,0.473,0.156,,0.404,0.133,,0.0,0.0,,,,0.847,19.953,25.4,0.0,0.0,0.0,7.079,19.106,,,,0.0,0.0,0.0,0.0,,,0.077,0.069,,,,,0.314,0.28,,,,0.009,0.001,0.001,0.0,0.002,0.001,0.001,0.0,0.0,0.0,0.001,0.003,,0.0,0.0,0.002,0.003,,0.004,0.0,0.0,0.0,0.0,,,,
Dominica,2022,DMA,72758.0,675097984.0,0.0,0.0,0.153,0.001,0.921,0.053,0.006,13.404,0.734,0.079,,2.106,0.227,,0.0,0.0,,,,0.0,5.138,3.589,0.0,0.0,0.0,3.0,5.138,,,,0.0,0.0,0.0,0.0,,,-0.1,-1.372,,,,,0.153,2.106,,,,0.0,0.0,0.0,0.0,0.0,0.0,0.0,0.0,0.0,0.0,0.0,0.001,,0.0,0.0,-0.002,0.001,,0.001,0.0,0.0,0.0,0.0,,,,
Dominican Republic,2022,DOM,11228821.0,191182372864.0,2.52,0.224,23.638,-0.147,-0.618,22.714,-0.017,-0.076,2.023,0.119,,2.105,0.124,,3.04,0.271,,,,56.461,791.785,1644.105,57.692,0.0,32.849,1637.665,644.783,,,,0.0,0.0,2.727,0.243,,,-0.924,-0.082,,,,,15.351,1.367,,,,0.157,0.064,0.055,0.02,0.121,0.045,0.064,0.007,0.0,0.013,0.204,0.105,,0.0,0.035,-0.021,0.129,,0.085,0.001,0.001,0.001,0.0,,,,
East Timor,2022,TLS,1341298.0,,0.0,0.0,0.669,0.005,0.783,3.745,0.027,0.723,2.792,,,0.499,,,0.0,0.0,,,,0.0,10.868,120.162,0.0,3.44,0.0,414.734,7.428,,,,0.06,0.045,0.0,0.0,,,3.076,2.294,,,,,0.609,0.454,,,,0.0,0.002,0.009,0.0,0.0,0.001,0.005,0.0,0.018,0.0,0.052,0.001,,0.015,0.0,0.071,0.005,,0.014,0.0,0.0,0.0,0.0,,,,
Ecuador,2022,ECU,18001002.0,175028879360.0,2.129,0.118,41.613,1.882,4.736,41.178,1.595,4.03,2.288,0.235,0.185,2.312,0.238,0.187,0.0,0.0,,,,70.191,1299.52,5302.932,0.0,82.207,35.024,4717.445,1112.098,,12373.124,1.273,2.426,0.135,1.03,0.057,,,-0.435,-0.024,,,,,36.028,2.001,,,222.729,0.133,0.112,0.099,0.0,0.15,0.073,0.206,0.0,0.424,0.013,0.588,0.181,,0.61,0.013,-0.01,0.303,,0.242,0.001,0.003,0.004,0.0,,,,
Egypt,2022,EGY,110990096.0,1460427423744.0,20.598,0.186,258.952,12.067,4.888,259.402,12.073,4.881,2.337,0.178,0.234,2.333,0.177,0.234,9.001,0.081,,,,569.431,6978.824,7288.003,182.714,133.637,2255.868,352.701,3837.174,,9968.82,0.758,3.702,0.033,121.627,1.096,,,0.45,0.004,,,,,104.022,0.937,,,1106.44,1.283,0.697,0.626,0.059,1.221,0.394,0.284,0.022,0.69,0.862,0.044,0.623,,0.932,1.57,0.01,0.876,,0.432,0.003,0.003,0.007,0.0,,,,
El Salvador,2022,SLV,6336393.0,59270934528.0,0.415,0.065,7.714,0.227,3.028,7.215,0.213,3.047,1.139,0.122,,1.217,0.13,,0.0,0.0,,,,18.912,248.027,437.861,0.095,0.0,0.0,657.569,229.02,,,,0.0,0.0,0.0,0.0,,,-0.499,-0.079,,,,,7.3,1.152,,,,0.026,0.021,0.017,0.0,0.041,0.014,0.017,0.0,0.0,0.0,0.082,0.037,,0.0,0.0,-0.012,0.061,,0.042,0.0,0.0,0.001,0.0,,,,
Equatorial Guinea,2022,GNQ,1674916.0,20191379456.0,0.0,0.0,5.076,-0.553,-9.823,6.294,-0.491,-7.243,3.758,0.312,,3.031,0.251,,0.0,0.0,,,,0.0,144.116,280.422,0.0,45.719,70.45,227.465,27.947,,,,0.413,0.247,3.734,2.229,,,1.217,0.727,,,,,0.929,0.555,,,,0.0,0.014,0.015,0.0,0.0,0.008,0.011,0.0,0.236,0.027,0.028,0.005,,0.104,0.048,0.028,0.008,,0.037,0.0,0.0,0.001,0.0,,,,
Eritrea,2022,ERI,3684041.0,,0.07,0.019,0.697,-0.004,-0.514,7.214,0.056,0.778,1.958,,,0.189,,,0.0,0.0,,,,1.276,18.443,102.746,0.0,0.0,0.0,214.165,17.167,,,,0.0,0.0,0.0,0.0,,,6.517,1.769,,,,,0.627,0.17,,,,0.004,0.002,0.017,0.0,0.003,0.001,0.004,0.0,0.0,0.0,0.027,0.003,,0.0,0.0,0.151,0.005,,0.019,0.0,0.0,0.0,0.0,,,,
Estonia,2022,EST,1326064.0,39999856640.0,0.029,0.022,10.312,-0.108,-1.037,11.413,0.165,1.467,8.607,0.285,0.18,7.776,0.258,0.163,7.045,5.313,,,,22.192,1654.637,1796.706,1174.806,2.844,74.939,230.218,377.483,2.374,47804.645,1.585,0.0,0.0,0.661,0.499,,,1.101,0.83,,,,,2.489,1.877,0.066,0.087,63.392,0.002,0.028,0.028,0.046,0.048,0.093,0.07,0.143,0.015,0.029,0.029,0.061,0.024,0.0,0.009,0.026,0.021,0.029,0.069,0.0,0.001,0.001,0.0,,,,
Eswatini,2022,SWZ,1201680.0,9594910720.0,0.0,0.0,1.265,0.134,11.809,1.368,0.093,7.287,1.139,0.143,,1.053,0.132,,0.317,0.263,,,,0.0,43.331,182.898,21.12,0.0,0.0,291.508,22.211,,,,0.0,0.0,0.0,0.0,,,0.103,0.086,,,,,0.948,0.789,,,,0.0,0.003,0.003,0.002,0.0,0.002,0.007,0.003,0.0,0.0,0.036,0.004,,0.0,0.0,0.002,0.008,,0.008,0.0,0.0,0.0,0.0,,,,
Ethiopia,2022,ETH,123379928.0,269977223168.0,3.681,0.03,19.073,0.154,0.813,241.372,-4.126,-1.681,1.956,0.894,,0.155,0.071,,2.398,0.019,,,,44.648,300.279,6504.098,16.538,0.011,0.0,9883.668,239.083,,,,0.0,0.0,0.0,0.0,,,222.299,1.802,,,,,12.994,0.105,,,,0.229,0.051,0.582,0.016,0.096,0.017,0.253,0.002,0.0,0.0,1.232,0.039,,0.0,0.0,5.158,0.109,,0.495,0.004,0.003,0.008,0.001,,,,
Europe,2022,,744806995.0,,110.924,0.149,5105.308,-205.001,-3.86,5300.006,-185.257,-3.377,7.119,0.21,0.186,6.858,0.202,0.179,1206.754,1.621,,,,9242.63,542459.562,687716.0,287055.875,2888.193,85769.562,158119.516,155250.938,2252.366,39024.594,,84.454,0.113,1738.361,2.335,,,203.449,0.273,,,,,1902.906,2.556,0.083,61.908,29065.789,6.909,13.742,12.784,7.929,19.816,30.598,26.756,35.042,14.906,32.765,19.716,25.207,22.542,21.249,22.435,4.72,16.021,20.554,21.508,0.051,0.28,0.352,0.021,,,,
Europe (GCP),2022,,,,,,5105.308,,,,,,,,,,,,,,,,,,,,,,,,,,,,,,,,,,,,,,,,,,,,,,,,,,,,,,,,,,,,,,,,,,,,,,,
Europe (excl. EU-27),2022,,,,39.199,0.132,2343.401,-161.147,-6.434,2659.769,-144.497,-5.153,8.952,0.326,0.213,7.887,0.287,0.187,495.479,1.668,,,,3058.666,246489.578,375810.0,125686.688,2110.44,52106.598,139079.922,62632.746,894.456,,,66.712,0.225,1052.048,3.541,,,325.119,1.094,,,,,666.007,2.241,0.081,23.955,,2.442,6.308,6.415,3.256,6.558,13.903,14.621,15.343,10.892,19.905,17.342,10.169,8.952,16.785,13.577,7.543,5.607,7.953,11.187,0.029,0.145,0.183,0.009,,,,
Europe (excl. EU-28),2022,,,,35.127,0.153,2024.746,-132.336,-6.135,2325.184,-116.195,-4.759,10.126,0.42,0.222,8.818,0.366,0.193,475.899,2.073,,,,2530.731,167654.891,297328.344,68809.148,1816.691,44785.664,135842.891,48936.051,776.603,,,63.476,0.276,915.339,3.986,,,309.188,1.347,,,,,513.5,2.236,0.093,21.406,,2.188,5.45,5.608,3.127,5.426,9.457,11.568,8.4,9.376,17.109,16.938,7.945,7.772,15.971,11.813,7.174,4.323,7.107,8.751,0.026,0.11,0.143,0.007,,,,
European Union (27),2022,,447315902.0,,71.725,0.16,2761.907,-43.855,-1.563,2640.237,-40.76,-1.52,5.902,0.155,0.165,6.174,0.162,0.172,711.275,1.59,,,,6183.965,295969.969,311905.938,161369.188,777.754,33662.969,19039.592,92618.18,1357.911,35926.578,,17.741,0.04,686.313,1.534,,,-121.67,-0.272,,,,,1236.899,2.765,0.085,37.953,16070.529,4.468,7.435,6.368,4.674,13.258,16.694,12.135,19.699,4.014,12.86,2.374,15.038,13.59,4.464,8.857,-2.823,10.413,12.601,10.321,0.022,0.135,0.169,0.012,,,,
European Union (28),2022,,,,75.798,0.147,3080.561,-72.665,-2.304,2974.822,-69.062,-2.269,5.778,0.151,0.165,5.984,0.156,0.171,730.855,1.42,,,,6711.899,374804.688,390387.625,218246.734,1071.502,40983.898,22276.627,106314.883,1475.763,,,20.978,0.041,823.022,1.599,,,-105.739,-0.205,,,,,1389.406,2.699,0.079,40.502,,4.721,8.292,7.175,4.802,14.39,21.141,15.188,26.642,5.53,15.656,2.778,17.261,14.77,5.278,10.622,-2.453,11.697,13.447,12.758,0.025,0.17,0.209,0.013,,,,
Faroe Islands,2022,FRO,53117.0,,,,0.748,0.011,1.542,,,,,,,14.085,,,0.0,0.0,,,,,32.2,,0.238,0.0,0.0,,31.962,,,,0.0,0.0,0.0,0.0,,,,,,,,,0.748,14.085,,,,,0.002,,0.0,,0.002,,0.0,0.0,0.0,,0.005,,0.0,0.0,,0.006,,0.001,,0.0,0.0,,,,,
Fiji,2022,FJI,929769.0,,0.038,0.041,1.074,-0.012,-1.088,1.376,-0.016,-1.172,1.48,,,1.155,,,0.0,0.0,,,,2.466,50.86,137.271,1.886,0.0,0.004,118.271,46.505,,,,0.0,0.0,0.0,0.0,,,0.302,0.325,,,,,1.036,1.114,,,,0.002,0.003,0.003,0.0,0.005,0.003,0.005,0.0,0.0,0.0,0.015,0.008,,0.0,0.0,0.007,0.009,,0.009,0.0,0.0,0.0,0.0,,,,
Finland,2022,FIN,5540745.0,226154840064.0,0.623,0.112,36.163,-1.784,-4.701,63.539,0.828,1.32,11.468,0.281,0.198,6.527,0.16,0.113,12.759,2.303,,,,49.24,3262.947,6574.722,1271.3,2.752,243.847,3497.058,1667.027,28.782,57885.66,1.418,0.068,0.012,2.4,0.433,,,27.376,4.941,,,,,19.716,3.558,0.108,0.597,320.73,0.039,0.097,0.153,0.084,0.106,0.184,0.256,0.155,0.014,0.093,0.436,0.271,0.288,0.017,0.031,0.635,0.166,0.198,0.216,0.001,0.002,0.004,0.0,,,,
France,2022,FRA,64626624.0,2671568748544.0,6.495,0.1,297.534,-9.242,-3.013,281.911,-8.105,-2.795,4.362,0.106,0.123,4.604,0.111,0.129,27.961,0.433,,,,713.456,39397.691,34667.109,19125.559,173.375,3741.262,-4409.774,15498.377,145.663,35566.758,0.86,1.716,0.027,77.924,1.206,,,-15.622,-0.242,,,,,179.344,2.775,0.063,4.094,2298.56,0.405,0.801,0.68,0.184,1.53,2.222,1.349,2.335,0.895,1.429,-0.55,2.516,1.458,0.432,1.006,-0.362,1.51,1.359,1.312,0.003,0.016,0.021,0.002,,,,
French Polynesia,2022,PYF,306292.0,,0.0,0.0,0.873,-0.01,-1.127,,,,,,,2.851,,,0.0,0.0,,,,0.0,32.219,,0.0,0.0,0.0,,32.219,,,,0.0,0.0,0.0,0.0,,,,,,,,,0.873,2.851,,,,0.0,0.002,,0.0,0.0,0.002,,0.0,0.0,0.0,,0.005,,0.0,0.0,,0.007,,0.001,,0.0,0.0,,,,,
Gabon,2022,GAB,2388997.0,36035293184.0,0.198,0.083,5.706,-0.175,-2.973,9.813,-0.393,-3.847,4.108,0.272,,2.388,0.158,,0.0,0.0,,,,4.222,301.381,1256.875,0.008,167.569,21.601,2229.262,107.981,,,,2.637,1.104,0.967,0.405,,,4.108,1.719,,,,,1.904,0.797,,,,0.012,0.015,0.024,0.0,0.009,0.017,0.049,0.0,0.865,0.008,0.278,0.018,,0.663,0.012,0.095,0.016,,0.085,0.001,0.001,0.001,0.0,,,,
Gambia,2022,GMB,2705995.0,4656793600.0,0.0,0.0,0.77,0.013,1.775,0.801,0.008,0.978,0.296,0.172,,0.285,0.165,,0.0,0.0,,,,0.0,16.074,76.797,0.0,0.0,0.0,152.799,16.074,,,,0.0,0.0,0.0,0.0,,,0.031,0.011,,,,,0.77,0.285,,,,0.0,0.002,0.002,0.0,0.0,0.001,0.003,0.0,0.0,0.0,0.019,0.003,,0.0,0.0,0.001,0.006,,0.008,0.0,0.0,0.0,0.0,,,,
Georgia,2022,GEO,3744385.0,70528606208.0,1.024,0.273,11.093,0.037,0.333,0.627,-0.038,-5.719,0.167,0.009,,2.963,0.157,,0.799,0.213,,,,20.834,682.593,262.108,83.685,2.764,257.982,-366.82,317.329,,,,0.002,0.0,5.856,1.564,,,-10.466,-2.795,,,,,3.412,0.911,,,,0.064,0.03,0.002,0.005,0.045,0.039,0.01,0.01,0.014,0.099,-0.046,0.052,,0.0,0.076,-0.243,0.029,,0.032,0.0,0.0,0.001,0.0,,,,
Germany,2022,DEU,83369840.0,3909612732416.0,12.832,0.154,665.605,-13.194,-1.944,657.516,-12.925,-1.928,7.887,0.168,0.193,7.984,0.17,0.195,242.395,2.907,,,,1219.844,93985.867,93624.367,64911.316,95.408,7338.644,-121.986,20116.223,304.434,40938.07,0.873,1.837,0.022,151.885,1.822,,,-8.089,-0.097,,,,,248.184,2.977,0.102,8.472,3413.0,0.799,1.792,1.586,1.593,2.615,5.301,3.643,7.924,0.492,2.803,-0.015,3.266,3.047,0.462,1.96,-0.188,2.089,2.813,2.909,0.004,0.041,0.048,0.002,,,,
Ghana,2022,GHA,33475870.0,145431871488.0,0.037,0.001,20.807,-0.159,-0.759,21.475,-0.489,-2.224,0.642,0.148,,0.622,0.143,,0.0,0.0,,,,2.977,388.539,2978.766,4.164,5.205,37.884,4021.976,338.31,,,,0.932,0.028,6.34,0.189,,,0.668,0.02,,,,,13.497,0.403,,,,0.002,0.056,0.052,0.0,0.006,0.022,0.116,0.001,0.027,0.014,0.501,0.055,,0.235,0.082,0.015,0.114,,0.118,0.001,0.001,0.002,0.0,,,,
Greece,2022,GRC,10384972.0,263892680704.0,3.488,0.336,59.663,2.106,3.66,32.414,0.915,2.904,3.121,0.123,0.103,5.745,0.226,0.19,9.251,0.891,,,,286.272,4193.594,5567.12,1645.336,0.419,178.974,1755.781,2056.829,25.763,30268.49,1.191,0.004,0.0,10.03,0.966,,,-27.249,-2.624,,,,,36.436,3.509,0.044,0.454,314.337,0.217,0.161,0.078,0.061,0.614,0.237,0.217,0.201,0.002,0.068,0.219,0.334,0.258,0.001,0.129,-0.632,0.307,0.151,0.183,0.001,0.002,0.003,0.0,,,,
Greenland,2022,GRL,56494.0,,0.0,0.0,0.592,0.025,4.412,,,,,,,10.474,,,0.0,0.0,,,,0.0,34.244,,2.175,0.0,0.0,,32.069,,,,0.0,0.0,0.0,0.0,,,,,,,,,0.592,10.474,,,,0.0,0.002,,0.0,0.0,0.002,,0.0,0.0,0.0,,0.005,,0.0,0.0,,0.005,,0.001,,0.0,0.0,,,,,
Grenada,2022,GRD,125459.0,,0.0,0.0,0.34,0.011,3.206,0.254,0.014,5.705,2.027,,,2.713,,,0.0,0.0,,,,0.0,8.925,5.438,0.0,0.0,0.0,-1.674,8.925,,,,0.0,0.0,0.0,0.0,,,-0.086,-0.686,,,,,0.34,2.713,,,,0.0,0.001,0.001,0.0,0.0,0.001,0.0,0.0,0.0,0.0,-0.0,0.001,,0.0,0.0,-0.002,0.003,,0.0,0.0,0.0,0.0,0.0,,,,
Guatemala,2022,GTM,17843914.0,146224644096.0,1.31,0.073,19.193,-0.49,-2.488,43.669,0.207,0.477,2.447,0.299,,1.076,0.131,,2.427,0.136,,,,36.851,479.889,3600.172,50.656,0.926,0.44,3895.294,391.017,,,,0.098,0.005,0.0,0.0,,,24.476,1.372,,,,,15.358,0.861,,,,0.082,0.052,0.105,0.016,0.079,0.027,0.14,0.006,0.005,0.0,0.486,0.063,,0.025,0.0,0.568,0.129,,0.16,0.001,0.002,0.003,0.0,,,,
Guinea,2022,GIN,13859349.0,23678257152.0,0.0,0.0,4.954,0.086,1.775,13.119,-0.64,-4.65,0.947,0.554,,0.357,0.209,,0.0,0.0,,,,0.0,98.209,4641.524,0.217,0.0,0.0,4543.315,97.992,,,,0.0,0.0,0.0,0.0,,,8.166,0.589,,,,,4.954,0.357,,,,0.0,0.013,0.032,0.0,0.0,0.006,0.181,0.0,0.0,0.0,0.566,0.016,,0.0,0.0,0.189,0.042,,0.126,0.001,0.001,0.002,0.0,,,,
Guinea-Bissau,2022,GNB,2105580.0,3259313920.0,0.0,0.0,0.327,0.006,1.775,0.534,-0.016,-2.938,0.254,0.164,,0.155,0.1,,0.0,0.0,,,,0.0,10.782,202.264,0.0,0.0,0.0,331.437,10.782,,,,0.0,0.0,0.0,0.0,,,0.208,0.099,,,,,0.327,0.155,,,,0.0,0.001,0.001,0.0,0.0,0.001,0.008,0.0,0.0,0.0,0.041,0.002,,0.0,0.0,0.005,0.003,,0.012,0.0,0.0,0.0,0.0,,,,
Guyana,2022,GUY,808727.0,,0.158,0.195,3.537,-0.027,-0.751,10.063,0.088,0.878,12.442,,,4.374,,,0.007,0.009,,,,1.152,108.995,812.223,0.143,1.082,0.0,1086.64,106.618,,,,0.307,0.379,0.0,0.0,,,6.525,8.069,,,,,3.065,3.79,,,,0.01,0.01,0.024,0.0,0.002,0.006,0.032,0.0,0.006,0.0,0.135,0.017,,0.077,0.0,0.151,0.026,,0.038,0.0,0.001,0.001,0.0,,,,
Haiti,2022,HTI,11585003.0,17550917632.0,0.116,0.01,2.447,0.021,0.877,3.874,0.278,7.738,0.334,0.221,,0.211,0.139,,0.0,0.0,,,,4.678,80.557,381.564,0.945,0.0,0.0,756.377,74.933,,,,0.0,0.0,0.0,0.0,,,1.427,0.123,,,,,2.33,0.201,,,,0.007,0.007,0.009,0.0,0.01,0.005,0.015,0.0,0.0,0.0,0.094,0.012,,0.0,0.0,0.033,0.02,,0.047,0.0,0.0,0.001,0.0,,,,
High-income countries,2022,,1224121770.0,,226.312,0.182,12614.069,-45.13,-0.356,12491.451,-23.812,-0.19,10.034,0.22,0.19,10.133,0.222,0.192,2746.493,2.206,,,,14789.456,1001743.125,1203104.5,455147.375,7105.48,158489.109,223699.109,362489.656,3722.077,53753.582,,129.283,0.104,4056.293,3.258,,,198.425,0.159,,,,,5365.567,4.31,0.072,90.12,65800.93,14.096,33.955,30.129,18.046,31.708,56.504,46.808,55.562,36.673,60.544,27.893,58.854,37.251,32.528,52.35,4.604,45.173,29.921,39.884,0.098,0.523,0.652,0.032,,,,
Honduras,2022,HND,10432858.0,49738256384.0,0.702,0.067,11.16,0.325,2.998,35.196,1.201,3.532,3.374,0.708,,1.07,0.224,,0.0,0.0,,,,21.658,282.799,2150.063,5.412,0.0,0.0,3371.479,255.729,,,,0.0,0.0,0.0,0.0,,,24.036,2.304,,,,,10.458,1.002,,,,0.044,0.03,0.085,0.0,0.046,0.016,0.084,0.001,0.0,0.0,0.42,0.042,,0.0,0.0,0.558,0.088,,0.1,0.0,0.001,0.002,0.0,,,,
Hong Kong,2022,HKG,7488863.0,356690493440.0,0.572,0.076,30.569,-2.207,-6.733,,,,,,,4.082,0.086,0.141,13.336,1.781,,,,33.421,1685.727,,805.011,0.0,144.705,,702.59,,29038.205,0.61,0.0,0.0,8.383,1.119,,,,,,,,,8.278,1.105,,,217.463,0.036,0.082,,0.088,0.072,0.095,,0.098,0.0,0.055,,0.114,,0.0,0.108,,0.07,,0.062,0.0,0.001,0.001,0.0,,,,
Hungary,2022,HUN,9967304.0,285385228288.0,1.002,0.1,44.354,-4.21,-8.669,38.447,-3.832,-9.064,3.857,0.135,0.144,4.45,0.155,0.166,4.975,0.499,,,,90.984,5106.258,5725.989,2622.715,12.993,1057.721,637.723,1297.954,23.892,26789.283,0.936,0.138,0.014,18.963,1.902,,,-5.907,-0.593,,,,,18.834,1.89,0.044,0.442,267.017,0.062,0.119,0.093,0.033,0.195,0.288,0.223,0.32,0.067,0.404,0.08,0.211,0.239,0.035,0.245,-0.137,0.159,0.147,0.184,0.0,0.002,0.003,0.0,,,,
Iceland,2022,ISL,372903.0,16019539968.0,,,3.543,0.032,0.925,3.867,0.046,1.214,10.371,0.241,0.061,9.5,0.221,0.056,0.733,1.966,,,,,164.379,267.225,23.893,4.436,0.012,207.064,133.121,0.167,170914.562,3.979,0.177,0.476,0.001,0.004,,,0.325,0.872,,,,,2.622,7.03,0.023,0.009,63.735,,0.01,0.009,0.005,,0.009,0.01,0.003,0.023,0.0,0.026,0.022,0.002,0.045,0.0,0.008,0.022,0.003,0.011,0.0,0.0,0.0,0.0,,,,
India,2022,IND,1417173120.0,10476248367104.0,164.323,0.116,2829.644,155.422,5.812,2864.052,138.349,5.076,2.021,0.273,0.283,1.997,0.27,0.28,1854.258,1.308,,,,2788.681,59740.699,99420.656,38570.355,172.389,2702.185,42374.418,15507.09,,7129.11,0.964,2.924,0.002,124.009,0.088,,,34.408,0.024,,,,,684.131,0.483,,,10103.183,10.235,7.617,6.908,12.184,5.979,3.37,3.868,4.708,0.89,1.032,5.284,2.518,,0.736,1.6,0.798,5.76,,4.777,0.034,0.037,0.078,0.006,,,,
Indonesia,2022,IDN,275501344.0,3500093472768.0,26.843,0.097,728.883,112.96,18.34,1647.497,143.017,9.506,5.98,0.471,0.59,2.646,0.208,0.261,404.573,1.468,,,,710.29,15712.113,93799.75,4444.421,422.922,2607.697,89651.961,7526.783,,10132.153,0.798,3.163,0.011,80.013,0.29,,,918.613,3.334,,,,,214.292,0.778,,,2791.422,1.672,1.962,3.974,2.658,1.523,0.886,3.649,0.543,2.183,0.996,11.179,1.222,,0.796,1.033,21.314,1.804,,3.65,0.014,0.044,0.06,0.001,,,,
International aviation,2022,,,,0.0,,424.854,133.408,45.774,,,,,,,,,,0.0,,,,,0.0,15636.514,,0.0,0.0,0.0,,15636.514,0.0,,,0.0,,0.0,,,,,,,,,,424.854,,,0.0,,0.0,1.144,,0.0,0.0,0.882,,0.0,0.0,0.0,,2.539,0.0,0.0,0.0,,3.577,0.0,,,,,,,,,
International shipping,2022,,,,0.0,,624.488,7.921,1.285,,,,,,,,,,0.0,,,,,0.0,28263.057,,180.888,0.0,3.675,,28078.496,0.0,,,0.0,,0.787,,,,,,,,,,623.701,,,0.0,,0.0,1.681,,0.0,0.0,1.594,,0.022,0.0,0.001,,4.559,0.0,0.0,0.01,,5.251,0.0,,,,,,,,,
International transport,2022,,,,,,,,,,,,,,,,,,,,1049.342,,,,,,,,,,,,,,,,,,,,,,,,,,,,,,,,,,,,,,,,,,,,,,,,,,,,,,,,0.0,0.0
Iran,2022,IRN,88550568.0,1572209033216.0,21.654,0.245,690.635,2.559,0.372,677.454,2.608,0.386,7.65,0.431,0.195,7.799,0.439,0.199,3.723,0.042,,,,560.608,19852.746,21298.383,217.368,1660.323,7836.876,2242.595,9577.571,,39151.336,2.205,32.375,0.366,405.62,4.581,,,-13.181,-0.149,,,,,227.263,2.566,,,3466.873,1.349,1.859,1.634,0.024,1.202,1.12,0.829,0.027,8.569,2.994,0.28,1.555,,8.146,5.235,-0.306,1.913,,1.133,0.008,0.009,0.019,0.001,,,,
Iraq,2022,IRQ,44496124.0,527639314432.0,10.129,0.228,179.081,10.494,6.225,190.6,10.806,6.01,4.284,0.361,0.287,4.025,0.339,0.27,0.0,0.0,,,,164.237,4811.897,5379.746,0.191,878.832,465.855,725.168,3302.783,,14914.604,1.258,33.657,0.756,34.301,0.771,,,11.519,0.259,,,,,100.994,2.27,,,663.642,0.631,0.482,0.46,0.0,0.352,0.271,0.209,0.0,4.536,0.178,0.09,0.536,,8.468,0.443,0.267,0.85,,0.462,0.005,0.002,0.008,0.0,,,,
Ireland,2022,IRL,5023108.0,308390920192.0,2.103,0.419,38.784,1.237,3.294,76.318,-0.653,-0.848,15.193,0.247,0.41,7.721,0.126,0.209,3.942,0.785,,,,75.92,2302.11,2604.013,886.57,0.103,315.372,395.576,1005.415,18.729,37022.301,0.603,0.0,0.0,10.655,2.121,,,37.534,7.472,,,,,21.333,4.247,0.15,0.752,185.967,0.131,0.104,0.184,0.026,0.163,0.13,0.101,0.108,0.001,0.12,0.049,0.163,0.187,0.0,0.138,0.871,0.18,0.25,0.058,-0.001,0.001,0.001,0.0,,,,
Israel,2022,ISR,9038313.0,336722558976.0,1.728,0.191,56.118,1.269,2.314,58.121,1.328,2.338,6.431,0.173,0.188,6.209,0.167,0.182,15.197,1.681,,,,87.705,2485.48,2532.542,816.659,0.026,219.721,47.048,1361.369,,34148.941,0.917,0.018,0.002,18.712,2.07,,,2.003,0.222,,,,,20.464,2.264,,,308.649,0.108,0.151,0.14,0.1,0.188,0.14,0.099,0.1,0.0,0.084,0.006,0.221,,0.004,0.241,0.046,0.172,,0.105,0.001,0.001,0.002,0.0,,,,
Italy,2022,ITA,59037472.0,2136009342976.0,7.919,0.134,338.097,0.867,0.257,298.672,1.226,0.412,5.059,0.14,0.174,5.727,0.158,0.197,33.003,0.559,,,,957.895,25416.447,24963.582,4766.84,97.434,5645.961,-179.19,13801.716,146.602,29104.418,0.804,1.816,0.031,136.923,2.319,,,-39.425,-0.668,,,,,155.163,2.628,0.055,3.275,1718.251,0.493,0.91,0.72,0.217,2.054,1.434,0.971,0.582,0.503,2.157,-0.022,2.241,1.467,0.457,1.767,-0.915,1.306,1.087,0.882,0.002,0.011,0.014,0.001,,,,
Jamaica,2022,JAM,2827382.0,20019224576.0,0.393,0.139,6.488,-0.121,-1.828,6.335,-0.186,-2.847,2.241,0.316,,2.295,0.324,,0.27,0.096,,,,15.273,464.814,649.3,6.615,0.0,5.203,393.631,437.723,,,,0.0,0.0,1.441,0.51,,,-0.152,-0.054,,,,,4.383,1.55,,,,0.024,0.017,0.015,0.002,0.033,0.026,0.025,0.001,0.0,0.002,0.049,0.071,,0.0,0.019,-0.004,0.037,,0.025,0.0,0.0,0.0,0.0,,,,
Japan,2022,JPN,123951696.0,4774494732288.0,23.157,0.187,1053.798,-8.331,-0.784,1058.027,-7.027,-0.66,8.536,0.222,0.211,8.502,0.221,0.211,427.213,3.447,,,,2029.133,67734.914,73053.773,24629.15,16.031,7209.953,5596.69,33551.543,299.103,40377.672,1.048,0.359,0.003,204.824,1.652,,,4.229,0.034,,,,,390.6,3.151,0.062,7.646,5004.881,1.442,2.837,2.552,2.807,4.35,3.821,2.842,3.007,0.083,2.754,0.698,5.447,2.993,0.09,2.643,0.098,3.288,2.538,2.117,0.002,0.032,0.035,0.001,,,,
Jordan,2022,JOR,11285875.0,99281829888.0,1.299,0.115,22.913,0.245,1.082,22.662,0.286,1.277,2.008,0.228,,2.03,0.231,,1.546,0.137,,,,55.19,741.998,797.3,9.859,0.013,103.413,76.496,573.522,,,,0.0,0.0,7.624,0.676,,,-0.25,-0.022,,,,,12.443,1.103,,,,0.081,0.062,0.055,0.01,0.118,0.042,0.031,0.001,0.0,0.04,0.01,0.093,,0.0,0.098,-0.006,0.105,,0.036,0.0,0.0,0.001,0.0,,,,
Kazakhstan,2022,KAZ,19397998.0,503634067456.0,3.841,0.198,271.178,16.035,6.285,255.273,16.183,6.769,13.16,0.507,0.312,13.98,0.538,0.331,152.702,7.872,,,,128.933,14225.905,18323.014,9541.188,363.52,1252.623,4229.377,2840.865,98.779,42235.43,1.627,11.511,0.593,37.011,1.908,,,-15.905,-0.82,,,,,61.327,3.162,0.247,4.786,819.283,0.239,0.73,0.616,1.003,0.276,0.802,0.713,1.165,1.876,0.479,0.527,0.461,0.989,2.896,0.478,-0.369,0.516,1.589,0.881,0.003,0.011,0.014,0.0,,,,
Kenya,2022,KEN,54027484.0,190362157056.0,4.861,0.09,24.852,0.394,1.612,31.525,-1.25,-3.815,0.583,0.166,,0.46,0.131,,2.543,0.047,,,,71.118,534.099,3111.776,31.236,0.0,0.0,3473.442,431.745,,,,0.0,0.0,0.0,0.0,,,6.673,0.124,,,,,17.447,0.323,,,,0.303,0.067,0.076,0.017,0.152,0.03,0.121,0.004,0.0,0.0,0.433,0.07,,0.0,0.0,0.155,0.147,,0.226,0.002,0.001,0.004,0.0,,,,
Kiribati,2022,KIR,131237.0,,0.0,0.0,0.068,-0.001,-1.128,0.068,-0.001,-1.128,0.518,,,0.518,,,0.0,0.0,,,,0.0,2.148,2.148,0.0,0.0,0.0,0.0,2.148,,,,0.0,0.0,0.0,0.0,,,0.0,0.0,,,,,0.068,0.518,,,,0.0,0.0,0.0,0.0,0.0,0.0,0.0,0.0,0.0,0.0,0.0,0.0,,0.0,0.0,0.0,0.001,,0.0,0.0,0.0,0.0,0.0,,,,
Kosovo,2022,,1659721.0,,0.191,0.115,8.018,-0.071,-0.875,,,,,,,4.831,,,5.684,3.424,,,,3.531,121.822,,89.938,0.0,0.0,,28.353,,,,0.0,0.0,0.0,0.0,,,,,,,,,2.143,1.291,,,,0.012,0.022,,0.037,0.008,0.007,,0.011,0.0,0.0,,0.005,,0.0,0.0,,0.018,,0.003,,0.0,0.0,,,,,
Kuwait,2022,KWT,4268886.0,218961231872.0,1.222,0.286,109.19,5.907,5.719,109.195,5.907,5.719,25.579,0.499,0.253,25.578,0.499,0.253,0.0,0.0,,,,32.617,3656.592,3656.49,0.0,351.68,1140.94,-1.685,2131.354,,101291.062,1.975,1.094,0.256,62.995,14.757,,,0.005,0.001,,,,,43.878,10.279,,,432.4,0.076,0.294,0.263,0.0,0.07,0.206,0.142,0.0,1.815,0.436,-0.0,0.346,,0.275,0.813,0.0,0.369,,0.202,0.002,0.002,0.003,0.0,,,,
Kuwaiti Oil Fires,2022,,,,,,,,,,,,,,,,,,,,,,,,,,,,,,,,,,,,,,,,,,,,,,,,,,,,,,,,,,,,,,,,,,,,,0.013,,0.0,0.0,,,,,
Kyrgyzstan,2022,KGZ,6630621.0,31703001088.0,1.171,0.177,9.45,0.016,0.169,9.586,0.087,0.913,1.446,0.302,,1.425,0.298,,3.526,0.532,,,,34.282,860.733,1237.573,418.207,5.555,87.662,386.746,315.026,,,,0.0,0.0,0.556,0.084,,,0.136,0.021,,,,,4.198,0.633,,,,0.073,0.025,0.023,0.023,0.073,0.049,0.048,0.051,0.029,0.033,0.048,0.051,,0.0,0.007,0.003,0.035,,0.059,0.0,0.001,0.001,0.0,,,,
Laos,2022,LAO,7529477.0,54953902080.0,5.5,0.73,23.193,-0.174,-0.743,69.779,-0.622,-0.884,9.268,1.27,,3.08,0.422,,14.318,1.902,,,,25.791,199.712,2622.781,110.969,0.0,0.0,3347.789,62.952,,,,0.0,0.0,0.0,0.0,,,46.586,6.187,,,,,3.376,0.448,,,,0.343,0.062,0.168,0.094,0.055,0.011,0.102,0.014,0.0,0.0,0.417,0.01,,0.0,0.0,1.081,0.028,,0.092,0.0,0.001,0.001,0.0,,,,
Latvia,2022,LVA,1850654.0,51248480256.0,0.539,0.291,6.591,-0.649,-8.964,10.582,-0.359,-3.28,5.718,0.206,0.275,3.562,0.129,0.171,0.077,0.041,,,,17.098,964.429,1854.24,152.971,1.562,161.774,957.098,628.786,2.239,20789.912,0.751,0.0,0.0,1.582,0.855,,,3.991,2.156,,,,,4.311,2.329,0.045,0.083,38.475,0.034,0.018,0.026,0.001,0.037,0.054,0.072,0.019,0.008,0.062,0.119,0.102,0.022,0.0,0.02,0.093,0.036,0.028,0.057,0.0,0.001,0.001,0.0,,,,
Least developed countries (Jones et al.),2022,,,,,,,,,,,,,,,,,,,,,,,,,,,,,,,,,,,,,,,,,,,,,,,,,,,,,,,,,,,,,,,,,,,,,6.19,0.041,0.052,0.101,0.009,,,,
Lebanon,2022,LBN,5489744.0,48741707776.0,0.788,0.144,23.905,0.433,1.843,23.763,0.451,1.933,4.329,0.488,,4.354,0.49,,1.253,0.228,,,,70.5,775.522,783.839,17.858,0.0,0.579,16.068,686.585,,,,0.0,0.0,0.0,0.0,,,-0.141,-0.026,,,,,21.863,3.983,,,,0.049,0.064,0.057,0.008,0.151,0.044,0.03,0.002,0.0,0.0,0.002,0.111,,0.0,0.0,-0.003,0.184,,0.033,0.0,0.0,0.001,0.0,,,,
Leeward Islands,2022,,,,,,,,,,,,,,,,,,,,,,,,,,,,,,,,,,,,,,,,,,,,,,,,,,,,,,,,,,,,,,,,,,,,,0.0,,0.0,0.0,,,,,
Lesotho,2022,LSO,2305826.0,4761723392.0,0.0,0.0,3.135,0.654,26.372,8.409,0.392,4.883,3.647,1.766,,1.359,0.658,,2.462,1.068,,,,0.0,69.501,148.926,53.729,0.0,0.0,182.821,15.772,,,,0.0,0.0,0.0,0.0,,,5.274,2.287,,,,,0.672,0.292,,,,0.0,0.008,0.02,0.016,0.0,0.004,0.006,0.007,0.0,0.0,0.023,0.003,,0.0,0.0,0.122,0.006,,0.012,0.0,0.0,0.0,0.0,,,,
Liberia,2022,LBR,5302690.0,4231560960.0,0.207,0.039,0.877,0.012,1.35,15.622,0.24,1.563,2.946,3.692,,0.165,0.207,,0.0,0.0,,,,2.839,50.825,948.185,0.0,0.0,0.0,1840.6,47.986,,,,0.0,0.0,0.0,0.0,,,14.745,2.781,,,,,0.67,0.126,,,,0.013,0.002,0.038,0.0,0.006,0.003,0.037,0.0,0.0,0.0,0.23,0.008,,0.0,0.0,0.342,0.006,,0.041,0.0,0.001,0.001,0.0,,,,
Libya,2022,LBY,6812344.0,91444477952.0,1.589,0.233,62.961,-0.965,-1.509,62.659,-0.943,-1.482,9.198,0.685,,9.242,0.689,,0.0,0.0,,,,72.114,2349.427,2409.892,1.127,496.042,470.651,116.445,1309.492,,,,10.191,1.496,21.08,3.094,,,-0.302,-0.044,,,,,30.102,4.419,,,,0.099,0.169,0.151,0.0,0.155,0.133,0.094,0.0,2.56,0.18,0.015,0.213,,2.564,0.272,-0.007,0.253,,0.165,0.002,0.001,0.003,0.0,,,,
Liechtenstein,2022,LIE,39355.0,,0.0,0.0,0.15,0.004,2.776,0.131,0.004,3.131,3.328,,,3.81,,,0.0,0.0,,,,0.0,9.722,9.165,0.001,0.0,1.803,-0.34,7.918,0.0,,,0.0,0.0,0.054,1.374,,,-0.019,-0.481,,,,,0.096,2.436,0.0,0.0,,0.0,0.0,0.0,0.0,0.0,0.001,0.0,0.0,0.0,0.001,-0.0,0.001,0.0,0.0,0.001,-0.0,0.001,0.0,0.0,0.0,0.0,0.0,0.0,,,,
Lithuania,2022,LTU,2750058.0,84814258176.0,0.633,0.23,12.667,-1.162,-8.406,11.265,-1.3,-10.345,4.096,0.133,0.173,4.606,0.149,0.195,0.739,0.269,,,,48.317,1580.612,3346.778,172.431,12.719,295.073,1857.445,1048.462,3.611,23659.957,0.767,0.218,0.079,2.799,1.018,,,-1.402,-0.51,,,,,8.199,2.981,0.029,0.079,65.066,0.039,0.034,0.027,0.005,0.104,0.089,0.13,0.021,0.066,0.113,0.232,0.17,0.036,0.055,0.036,-0.033,0.069,0.026,0.11,0.0,0.001,0.002,0.0,,,,
Low-income countries,2022,,717587377.0,,15.324,0.022,197.079,0.302,0.154,1109.455,-53.376,-4.59,1.577,1.152,,0.28,0.205,,55.265,0.079,,,,415.343,10183.37,70888.938,5009.521,220.272,357.024,78179.469,4181.21,,,,5.471,0.008,8.809,0.013,,,912.376,1.296,,,,,112.21,0.159,,,,0.954,0.53,2.676,0.363,0.89,0.574,2.758,0.612,1.137,0.136,9.748,0.679,,1.377,0.114,21.169,0.945,,3.7,0.024,0.031,0.061,0.006,,,,
Lower-middle-income countries,2022,,3447030624.0,,377.851,0.118,5672.114,70.896,1.266,6468.75,28.076,0.436,2.028,0.284,0.318,1.778,0.249,0.279,2399.562,0.752,,,,7183.128,163674.531,334204.625,64275.297,5143.535,30866.006,221200.234,56088.859,117.713,5901.293,,79.808,0.025,1109.783,0.348,,,796.637,0.25,,,,,1702.233,0.534,0.001,2.877,20341.938,23.535,15.268,15.602,15.767,15.4,9.232,13.003,7.846,26.547,11.791,27.581,9.107,1.178,20.08,14.323,18.484,14.331,0.955,17.037,0.114,0.147,0.279,0.018,,,,
Luxembourg,2022,LUX,647601.0,36128358400.0,0.351,0.541,7.524,-0.906,-10.743,7.629,-0.905,-10.602,11.78,0.211,0.197,11.618,0.208,0.194,0.249,0.384,,,,20.565,769.47,761.031,358.501,0.002,76.481,4.625,311.742,2.179,59857.266,1.073,0.0,0.0,1.246,1.925,,,0.105,0.162,,,,,5.633,8.699,0.069,0.045,38.764,0.022,0.02,0.018,0.002,0.044,0.043,0.03,0.044,0.0,0.029,0.001,0.051,0.022,0.0,0.016,0.002,0.047,0.015,0.023,0.0,0.0,0.0,0.0,,,,
Macao,2022,MAC,695180.0,,0.0,0.0,1.052,-0.017,-1.604,,,,,,,1.513,,,0.0,0.0,,,,0.0,57.443,,0.271,0.0,2.09,,55.082,,,,0.0,0.0,0.129,0.186,,,,,,,,,0.922,1.327,,,,0.0,0.003,,0.0,0.0,0.003,,0.0,0.0,0.001,,0.009,,0.0,0.002,,0.008,,0.002,0.0,0.0,0.0,0.0,,,,
Madagascar,2022,MDG,29611718.0,38602186752.0,0.058,0.002,4.404,0.137,3.209,27.28,-0.719,-2.567,0.921,0.707,,0.149,0.114,,1.603,0.054,,,,2.325,105.249,5799.631,16.462,0.0,0.0,8809.021,86.462,,,,0.0,0.0,0.0,0.0,,,22.876,0.773,,,,,2.742,0.093,,,,0.004,0.012,0.066,0.011,0.005,0.006,0.226,0.002,0.0,0.0,1.098,0.014,,0.0,0.0,0.531,0.023,,0.262,0.001,0.003,0.004,0.0,,,,
Malawi,2022,MWI,20405318.0,26465351680.0,0.31,0.015,2.094,0.016,0.753,5.67,-0.231,-3.911,0.278,0.214,,0.103,0.079,,0.256,0.013,,,,3.584,54.693,1213.978,12.769,0.0,0.0,1714.671,38.339,,,,0.0,0.0,0.0,0.0,,,3.576,0.175,,,,,1.528,0.075,,,,0.019,0.006,0.014,0.002,0.008,0.003,0.047,0.002,0.0,0.0,0.214,0.006,,0.0,0.0,0.083,0.013,,0.063,0.0,0.001,0.001,0.0,,,,
Malaysia,2022,MYS,33938216.0,877584187392.0,11.247,0.331,291.071,12.21,4.379,461.066,8.089,1.786,13.585,0.525,0.346,8.577,0.332,0.219,74.265,2.188,,,,267.009,6489.359,20171.693,1264.486,175.804,1934.411,14749.973,2847.65,,39226.555,1.517,3.026,0.089,93.243,2.747,,,169.995,5.009,,,,,109.291,3.22,,,1331.279,0.701,0.784,1.112,0.488,0.572,0.366,0.785,0.154,0.907,0.739,1.839,0.462,,0.761,1.203,3.944,0.92,,0.667,0.002,0.008,0.011,0.0,,,,
Maldives,2022,MDV,523798.0,,0.0,0.0,1.701,-0.019,-1.127,1.701,-0.019,-1.127,3.248,,,3.248,,,0.0,0.0,,,,0.0,28.296,28.304,0.0,0.0,0.0,0.017,28.296,,,,0.0,0.0,0.0,0.0,,,0.0,0.0,,,,,1.701,3.248,,,,0.0,0.005,0.004,0.0,0.0,0.002,0.001,0.0,0.0,0.0,0.0,0.005,,0.0,0.0,0.0,0.014,,0.001,0.0,0.0,0.0,0.0,,,,
Mali,2022,MLI,22593598.0,30551085056.0,0.697,0.031,7.039,0.111,1.596,9.302,-0.127,-1.344,0.412,0.304,,0.312,0.23,,0.0,0.0,,,,4.526,85.783,1345.813,0.0,0.0,0.0,1664.601,81.257,,,,0.0,0.0,0.0,0.0,,,2.263,0.1,,,,,6.341,0.281,,,,0.043,0.019,0.022,0.0,0.01,0.005,0.052,0.0,0.0,0.0,0.208,0.013,,0.0,0.0,0.053,0.053,,0.091,0.001,0.0,0.001,0.0,,,,
Malta,2022,MLT,533293.0,18295134208.0,0.0,0.0,1.655,0.048,3.012,1.639,0.05,3.136,3.073,0.09,,3.104,0.09,,0.0,0.0,,,,0.0,107.32,102.5,6.408,0.0,4.166,-4.988,96.721,0.025,,,0.0,0.0,0.749,1.404,,,-0.016,-0.031,,,,,0.906,1.699,0.0,0.0,,0.0,0.004,0.004,0.0,0.0,0.006,0.004,0.001,0.0,0.002,-0.001,0.016,0.0,0.0,0.01,-0.0,0.008,0.0,0.003,0.0,0.0,0.0,0.0,,,,
Marshall Islands,2022,MHL,41593.0,,0.0,0.0,0.151,-0.002,-1.128,0.151,-0.002,-1.128,3.635,,,3.635,,,0.0,0.0,,,,0.0,3.712,3.712,0.0,0.0,0.0,0.0,3.712,,,,0.0,0.0,0.0,0.0,,,0.0,0.0,,,,,0.151,3.635,,,,0.0,0.0,0.0,0.0,0.0,0.0,0.0,0.0,0.0,0.0,0.0,0.001,,0.0,0.0,0.0,0.001,,0.0,0.0,0.0,0.0,0.0,,,,
Mauritania,2022,MRT,4736146.0,15674545152.0,0.0,0.0,4.534,0.079,1.775,4.613,0.118,2.627,0.974,0.294,,0.957,0.289,,0.0,0.0,,,,0.0,86.381,141.157,0.436,1.008,0.0,54.776,84.936,,,,0.0,0.0,0.0,0.0,,,0.079,0.017,,,,,4.534,0.957,,,,0.0,0.012,0.011,0.0,0.0,0.005,0.005,0.0,0.005,0.0,0.007,0.014,,0.0,0.0,0.002,0.038,,0.023,0.0,-0.0,0.0,0.0,,,,
Mauritius,2022,MUS,1299478.0,26988574720.0,0.0,0.0,4.249,0.158,3.867,4.285,0.163,3.95,3.297,0.159,,3.27,0.157,,1.808,1.391,,,,0.0,124.012,127.25,34.36,0.0,0.0,0.851,89.652,,,,0.0,0.0,0.0,0.0,,,0.036,0.028,,,,,2.441,1.878,,,,0.0,0.011,0.01,0.012,0.0,0.007,0.005,0.004,0.0,0.0,0.0,0.015,,0.0,0.0,0.001,0.021,,0.006,0.0,0.0,0.0,0.0,,,,
Mexico,2022,MEX,127504120.0,2033437638656.0,21.534,0.169,511.972,43.181,9.211,862.686,54.999,6.809,6.766,0.424,0.38,4.015,0.252,0.225,35.11,0.275,,,,720.719,21119.479,36215.262,1579.361,477.687,4609.068,16624.941,13732.643,,17827.531,1.118,10.656,0.084,187.781,1.473,,,350.714,2.751,,,,,256.892,2.015,,,2273.084,1.341,1.378,2.081,0.231,1.545,1.191,1.409,0.193,2.465,1.761,2.073,2.23,,2.681,2.423,8.137,2.163,,1.422,0.008,0.014,0.023,0.002,,,,
Micronesia (country),2022,FSM,114178.0,,0.0,0.0,0.151,-0.002,-1.128,0.151,-0.002,-1.128,1.324,,,1.324,,,0.0,0.0,,,,0.0,4.584,4.584,0.0,0.0,0.0,0.0,4.584,,,,0.0,0.0,0.0,0.0,,,0.0,0.0,,,,,0.151,1.324,,,,0.0,0.0,0.0,0.0,0.0,0.0,0.0,0.0,0.0,0.0,0.0,0.001,,0.0,0.0,0.0,0.001,,0.0,0.0,0.0,0.0,0.0,,,,
Middle East (GCP),2022,,,,,,2677.581,,,,,,,,,,,,,,,,,,,,,,,,,,,,,,,,,,,,,,,,,,,,,,,,,,,,,,,,,,,,,,,,,,,,,,,
Moldova,2022,MDA,3272993.0,23827554304.0,0.599,0.183,5.422,-0.175,-3.125,0.311,-0.436,-58.367,0.095,0.013,,1.657,0.228,,0.318,0.097,,,,36.839,1348.974,1958.932,408.764,3.595,199.749,634.573,700.026,,,,0.0,0.0,1.514,0.462,,,-5.111,-1.562,,,,,2.992,0.914,,,,0.037,0.015,0.001,0.002,0.079,0.076,0.076,0.05,0.019,0.076,0.079,0.114,,0.0,0.02,-0.119,0.025,,0.059,0.0,0.001,0.001,0.0,,,,
Monaco,2022,MCO,36491.0,,,,,,,,,,,,,,,,,,,,,,,,,,,0.005,,,,,,,,,,,0.0,,,,,,,,,,,,,,,,,,,,,0.0,,,,,0.0,,,,,,,,,,,
Mongolia,2022,MNG,3398373.0,44809465856.0,0.574,0.169,37.894,-0.362,-0.947,39.76,-0.306,-0.764,11.7,0.887,,11.151,0.846,,32.195,9.474,,,,7.064,767.034,1816.993,636.418,0.114,0.0,2291.647,123.439,,,,0.0,0.0,0.0,0.0,,,1.866,0.549,,,,,5.126,1.508,,,,0.036,0.102,0.096,0.212,0.015,0.043,0.071,0.078,0.001,0.0,0.286,0.02,,0.0,0.0,0.043,0.043,,0.197,0.001,0.002,0.003,0.0,,,,
Montenegro,2022,MNE,627082.0,12774400000.0,,,2.292,-0.012,-0.532,-0.014,0.132,-90.558,-0.022,-0.001,,3.656,0.179,,1.411,2.25,,,,,109.318,238.784,76.965,0.035,0.0,230.39,32.317,,,,0.0,0.0,0.0,0.0,,,-2.306,-3.678,,,,,0.882,1.406,,,,,0.006,-0.0,0.009,,0.006,0.009,0.009,0.0,0.0,0.029,0.005,,0.0,0.0,-0.054,0.007,,0.009,0.0,0.0,0.0,0.0,,,,
Montserrat,2022,MSR,4413.0,,0.0,0.0,0.021,0.0,0.925,,,,,,,4.845,,,0.0,0.0,,,,0.0,1.633,,0.0,0.0,0.0,,1.633,,,,0.0,0.0,0.0,0.0,,,,,,,,,0.021,4.845,,,,0.0,0.0,,0.0,0.0,0.0,,0.0,0.0,0.0,,0.0,,0.0,0.0,,0.0,,0.0,,0.0,0.0,,,,,
Morocco,2022,MAR,37457976.0,311654973440.0,5.11,0.136,68.412,-4.229,-5.822,61.195,-4.267,-6.519,1.634,0.196,0.229,1.826,0.22,0.256,25.355,0.677,,,,175.501,1878.64,3162.368,503.712,0.0,34.381,1733.867,1165.046,,7129.506,0.857,0.0,0.0,0.434,0.012,,,-7.216,-0.193,,,,,37.512,1.001,,,267.057,0.318,0.184,0.148,0.167,0.376,0.106,0.123,0.061,0.0,0.013,0.216,0.189,,0.0,0.006,-0.167,0.316,,0.174,0.001,0.001,0.003,0.0,,,,
Mozambique,2022,MOZ,32969520.0,31441725440.0,1.162,0.035,8.003,0.813,11.305,32.686,1.641,5.288,0.991,1.04,,0.243,0.255,,0.09,0.003,,,,17.565,191.735,4789.695,44.209,0.979,16.892,6325.698,112.09,,,,0.826,0.025,2.075,0.063,,,24.682,0.749,,,,,3.85,0.117,,,,0.072,0.022,0.079,0.001,0.038,0.011,0.186,0.005,0.005,0.006,0.789,0.018,,0.208,0.027,0.573,0.032,,0.194,0.001,0.002,0.003,0.0,,,,
Myanmar,2022,MMR,54179312.0,291025092608.0,2.557,0.047,34.922,-0.697,-1.957,131.303,0.05,0.038,2.423,0.451,,0.645,0.12,,4.407,0.081,,,,23.594,674.133,6577.35,59.991,6.504,176.525,14385.288,407.518,,,,0.025,0.0,8.077,0.149,,,96.381,1.779,,,,,19.857,0.367,,,,0.159,0.094,0.317,0.029,0.051,0.038,0.256,0.007,0.034,0.067,1.794,0.066,,0.006,0.104,2.236,0.167,,0.637,0.003,0.007,0.01,0.0,,,,
Namibia,2022,NAM,2567024.0,21858732032.0,0.504,0.196,3.953,0.221,5.911,9.428,0.749,8.624,3.673,0.431,,1.54,0.181,,0.117,0.046,,,,4.423,82.372,193.922,2.474,0.0,0.0,284.284,75.475,,,,0.0,0.0,0.0,0.0,,,5.475,2.133,,,,,3.331,1.298,,,,0.031,0.011,0.023,0.001,0.009,0.005,0.008,0.0,0.0,0.0,0.035,0.012,,0.0,0.0,0.127,0.028,,0.032,0.0,0.0,0.001,0.0,,,,
Nauru,2022,NRU,12691.0,,0.0,0.0,0.053,-0.001,-1.128,0.053,-0.001,-1.128,4.17,,,4.17,,,0.0,0.0,,,,0.0,4.958,4.958,0.0,0.0,0.0,0.0,4.958,,,,0.0,0.0,0.0,0.0,,,0.0,0.0,,,,,0.053,4.17,,,,0.0,0.0,0.0,0.0,0.0,0.0,0.0,0.0,0.0,0.0,0.0,0.001,,0.0,0.0,0.0,0.0,,0.0,0.0,0.0,0.0,0.0,,,,
Nepal,2022,NPL,30547586.0,95965913088.0,3.435,0.112,15.5,-0.128,-0.821,30.087,-0.602,-1.961,0.985,0.314,,0.507,0.162,,4.702,0.154,,,,31.608,193.869,1602.742,51.351,0.0,0.0,2298.999,110.91,,,,0.0,0.0,0.0,0.0,,,14.587,0.478,,,,,7.364,0.241,,,,0.214,0.042,0.073,0.031,0.068,0.011,0.062,0.006,0.0,0.0,0.287,0.018,,0.0,0.0,0.338,0.062,,0.131,0.001,0.001,0.002,0.0,,,,
Netherlands,2022,NLD,17564020.0,879609118720.0,0.005,0.0,125.358,-14.549,-10.399,125.693,-14.477,-10.328,7.156,0.143,0.132,7.137,0.143,0.131,22.481,1.28,,,,56.443,12020.52,13048.967,3888.563,31.273,3990.191,1042.166,4014.842,39.207,54383.41,1.086,1.121,0.064,50.418,2.871,,,0.334,0.019,,,,,50.178,2.857,0.066,1.155,955.191,0.0,0.337,0.303,0.148,0.121,0.678,0.508,0.475,0.161,1.524,0.13,0.652,0.392,0.282,0.651,0.008,0.422,0.384,0.463,0.001,0.006,0.008,0.001,,,,
New Caledonia,2022,NCL,289959.0,,0.026,0.089,5.115,0.578,12.75,,,,,,,17.641,,,2.762,9.527,,,,1.694,161.399,,60.186,0.0,0.0,,99.519,,,,0.0,0.0,0.0,0.0,,,,,,,,,2.327,8.025,,,,0.002,0.014,,0.018,0.004,0.009,,0.007,0.0,0.0,,0.016,,0.0,0.0,,0.02,,0.004,,0.0,0.0,,,,,
New Zealand,2022,NZL,5185289.0,200602763264.0,0.37,0.071,32.212,-2.106,-6.137,34.777,-2.116,-5.736,6.707,0.173,0.15,6.212,0.161,0.139,4.411,0.851,,,,34.197,1949.171,5313.007,637.119,30.344,338.069,3639.224,888.133,21.308,44782.684,1.158,0.705,0.136,6.354,1.225,,,2.565,0.495,,,,,19.855,3.829,0.1,0.517,232.211,0.023,0.087,0.084,0.029,0.073,0.11,0.207,0.078,0.157,0.129,0.454,0.144,0.213,0.177,0.082,0.06,0.167,0.172,0.31,0.002,0.003,0.005,0.001,,,,
Nicaragua,2022,NIC,6948395.0,32764782592.0,0.198,0.029,5.55,0.166,3.088,10.376,0.089,0.866,1.493,0.317,,0.799,0.169,,0.0,0.0,,,,8.795,187.437,3101.819,0.0,0.0,0.0,4322.983,178.642,,,,0.0,0.0,0.0,0.0,,,4.825,0.694,,,,,5.352,0.77,,,,0.012,0.015,0.025,0.0,0.019,0.011,0.121,0.0,0.0,0.0,0.539,0.029,,0.0,0.0,0.112,0.045,,0.133,0.0,0.002,0.002,0.0,,,,
Niger,2022,NER,26207982.0,24776755200.0,0.036,0.001,3.058,0.019,0.631,29.934,-0.027,-0.091,1.142,1.208,,0.117,0.123,,0.359,0.014,,,,0.79,55.303,1387.611,12.629,1.06,0.299,1800.247,40.525,,,,0.071,0.003,0.075,0.003,,,26.875,1.025,,,,,2.517,0.096,,,,0.002,0.008,0.072,0.002,0.002,0.003,0.054,0.002,0.005,0.0,0.224,0.007,,0.018,0.001,0.624,0.021,,0.103,0.001,0.001,0.002,0.0,,,,
Nigeria,2022,NGA,218541216.0,1134448607232.0,11.237,0.051,128.759,-2.354,-1.795,134.498,-4.837,-3.471,0.615,0.119,,0.589,0.113,,0.114,0.001,,,,155.99,4421.012,15123.421,70.706,1546.616,781.223,11664.15,1866.477,,,,9.999,0.046,36.051,0.165,,,5.738,0.026,,,,,71.359,0.327,,,,0.7,0.347,0.324,0.001,0.334,0.249,0.588,0.009,7.982,0.298,1.454,0.303,,2.516,0.465,0.133,0.601,,1.176,0.011,0.007,0.019,0.001,,,,
Niue,2022,NIU,1952.0,,0.0,0.0,0.008,-0.0,-1.138,0.008,-0.0,-1.138,3.873,,,3.873,,,0.0,0.0,,,,0.0,0.297,0.297,0.0,0.0,0.0,0.0,0.297,,,,0.0,0.0,0.0,0.0,,,0.0,0.0,,,,,0.008,3.873,,,,0.0,0.0,0.0,0.0,0.0,0.0,0.0,0.0,0.0,0.0,0.0,0.0,,0.0,0.0,0.0,0.0,,0.0,0.0,0.0,0.0,0.0,,,,
Non-OECD (GCP),2022,,,,,,24332.602,,,,,,,,,,,,,,,,,,,,,,,,,,,,,,,,,,,,,,,,,,,,,,,,,,,,,,,,,,,,,,,,,,,,,,,
North America,2022,,600323657.0,,77.439,0.13,6279.689,78.37,1.264,6940.72,102.721,1.502,11.644,0.288,0.211,10.535,0.26,0.191,1013.483,1.7,,,,4225.857,490241.438,688492.5,187862.031,3681.28,94610.492,209505.125,198322.859,1538.91,55534.938,,91.612,0.154,2209.843,3.707,,,666.162,1.118,,,,,2860.342,4.798,0.045,26.971,33338.938,4.823,16.904,16.741,6.659,9.06,27.652,26.787,22.933,19.0,36.142,26.123,32.2,15.402,23.05,28.52,15.456,24.081,8.955,21.888,0.053,0.291,0.358,0.014,,,,
North America (GCP),2022,,,,,,6117.872,,,,,,,,,,,,,,,,,,,,,,,,,,,,,,,,,,,,,,,,,,,,,,,,,,,,,,,,,,,,,,,,,,,,,,,
North America (excl. USA),2022,,,,36.021,0.14,1222.386,53.279,4.557,1741.667,63.477,3.782,6.756,0.377,0.271,4.741,0.265,0.19,78.785,0.306,,,,1388.5,63326.871,133699.109,11494.624,1231.725,14305.722,81456.125,34815.562,90.74,,,28.318,0.11,466.303,1.809,,,524.412,2.034,,,,,610.823,2.369,0.008,2.135,,2.244,3.29,4.201,0.518,2.977,3.572,5.202,1.403,6.357,5.465,10.157,5.653,0.908,7.125,6.018,12.167,5.143,0.709,4.615,0.018,0.054,0.075,0.004,,,,
North Korea,2022,PRK,26069416.0,40488849408.0,2.274,0.087,50.872,-0.465,-0.905,61.578,-0.507,-0.817,2.362,1.521,,1.951,1.256,,45.452,1.744,,,,155.737,5212.479,6588.936,4787.765,0.0,0.0,1528.855,268.976,,,,0.0,0.0,0.0,0.0,,,10.707,0.411,,,,,3.145,0.121,,,,0.142,0.137,0.149,0.299,0.334,0.294,0.256,0.584,0.0,0.0,0.191,0.044,,0.0,0.0,0.248,0.026,,0.239,0.001,0.003,0.004,0.0,,,,
North Macedonia,2022,MKD,2093606.0,28770254848.0,,,7.588,-0.1,-1.306,6.626,-0.128,-1.893,3.165,0.23,0.216,3.625,0.264,0.248,3.459,1.652,,,,,525.953,881.985,320.085,0.162,6.723,512.609,198.983,,14631.11,1.065,0.0,0.0,0.575,0.275,,,-0.962,-0.46,,,,,3.554,1.698,,,30.632,,0.02,0.016,0.023,,0.03,0.034,0.039,0.001,0.003,0.064,0.032,,0.0,0.007,-0.022,0.03,,0.026,0.0,0.0,0.0,0.0,,,,
Norway,2022,NOR,5434324.0,482328444928.0,0.732,0.135,40.808,-0.22,-0.536,48.844,0.182,0.373,8.988,0.101,0.092,7.509,0.085,0.077,3.675,0.676,,,,63.335,2710.467,4145.81,619.975,74.267,483.898,1436.357,1445.984,23.009,98027.531,1.104,0.788,0.145,12.908,2.375,,,8.036,1.479,,,,,22.138,4.074,0.104,0.567,532.713,0.046,0.11,0.118,0.024,0.136,0.153,0.161,0.076,0.383,0.185,0.179,0.235,0.23,0.198,0.167,0.186,0.186,0.188,0.172,0.001,0.002,0.003,0.0,,,,
OECD (GCP),2022,,,,,,11767.842,,,,,,,,,,,,,,,,,,,,,,,,,,,,,,,,,,,,,,,,,,,,,,,,,,,,,,,,,,,,,,,,,,,,,,,
OECD (Jones et al.),2022,,,,,,,,,,,,,,,,,,,,,,,,,,,,,,,,,,,,,,,,,,,,,,,,,,,,,,,,,,,,,,,,,,,,,39.866,0.094,0.524,0.652,0.033,,,,
Oceania,2022,,45038860.0,,3.334,0.074,441.078,3.98,0.911,448.463,-6.354,-1.397,10.017,0.29,0.237,9.852,0.286,0.233,151.278,3.379,,,,235.533,21732.5,40674.066,10976.413,343.223,2591.558,19555.109,7445.509,140.263,42035.414,,14.145,0.316,91.646,2.047,,,13.4,0.299,,,,,176.12,3.934,0.102,4.555,1893.227,0.208,1.187,1.082,0.994,0.505,1.226,1.582,1.34,1.771,0.99,2.438,1.209,1.404,3.559,1.183,0.311,1.483,1.512,1.925,0.009,0.018,0.031,0.004,,,,
Oceania (GCP),2022,,,,,,433.254,,,,,,,,,,,,,,,,,,,,,,,,,,,,,,,,,,,,,,,,,,,,,,,,,,,,,,,,,,,,,,,,,,,,,,,
Oman,2022,OMN,4576300.0,177355014144.0,2.253,0.492,71.986,1.118,1.578,72.499,1.127,1.579,15.842,0.409,0.174,15.73,0.406,0.173,0.0,0.0,,,,41.605,1474.156,1479.54,0.0,187.572,909.851,-2.914,335.127,,91100.969,2.351,3.895,0.851,56.869,12.427,,,0.512,0.112,,,,,8.97,1.96,,,416.905,0.14,0.194,0.175,0.0,0.089,0.083,0.058,0.0,0.968,0.348,-0.0,0.054,,0.98,0.734,0.012,0.076,,0.131,0.001,0.001,0.002,0.0,,,,
Pakistan,2022,PAK,235824864.0,1318834929664.0,16.917,0.072,200.2,-23.25,-10.405,222.755,-22.909,-9.325,0.945,0.169,0.223,0.849,0.152,0.2,54.854,0.233,,,,337.015,5455.111,7618.697,846.037,29.338,1982.39,2998.065,2260.332,,4234.945,0.757,0.452,0.002,61.974,0.263,,,22.555,0.096,,,,,66.003,0.28,,,998.705,1.054,0.539,0.537,0.36,0.723,0.308,0.296,0.103,0.151,0.757,0.374,0.367,,0.114,0.8,0.523,0.556,,0.762,0.008,0.003,0.012,0.001,,,,
Palau,2022,PLW,18084.0,,0.0,0.0,0.219,-0.002,-1.127,0.219,-0.002,-1.127,12.124,,,12.124,,,0.0,0.0,,,,0.0,10.997,10.997,0.0,0.0,0.0,0.0,10.997,,,,0.0,0.0,0.0,0.0,,,0.0,0.0,,,,,0.219,12.124,,,,0.0,0.001,0.001,0.0,0.0,0.001,0.0,0.0,0.0,0.0,0.0,0.002,,0.0,0.0,0.0,0.002,,0.0,0.0,0.0,0.0,0.0,,,,
Palestine,2022,PSE,5250076.0,24076503040.0,0.0,0.0,3.497,0.069,2.019,3.725,0.086,2.368,0.71,0.155,,0.666,0.145,,0.0,0.0,,,,0.0,67.08,66.267,0.0,0.011,0.0,1.383,67.069,,,,0.0,0.0,0.0,0.0,,,0.228,0.044,,,,,3.497,0.666,,,,0.0,0.009,0.009,0.0,0.0,0.004,0.003,0.0,0.0,0.0,0.0,0.011,,0.0,0.0,0.005,0.029,,0.0,,0.0,0.0,,,,,
Panama,2022,PAN,4408582.0,94762123264.0,0.318,0.072,11.9,0.192,1.643,16.627,0.102,0.615,3.772,0.175,,2.699,0.126,,2.134,0.484,,,,19.507,333.321,1728.097,18.239,0.0,5.675,2359.025,289.9,,,,0.0,0.0,1.605,0.364,,,4.727,1.072,,,,,7.843,1.779,,,,0.02,0.032,0.04,0.014,0.042,0.019,0.067,0.002,0.0,0.002,0.294,0.047,,0.0,0.021,0.11,0.066,,0.071,0.0,0.001,0.001,0.0,,,,
Panama Canal Zone,2022,,,,,,,,,,,,,,,,,,,,,,,,,,,,,,,,,,,,,,,,,,,,,,,,,,,,,,,,,,,,,,,,,,,,,0.0,,0.0,0.0,,,,,
Papua New Guinea,2022,PNG,10142625.0,,0.0,0.0,7.823,-0.123,-1.549,30.379,-0.523,-1.691,2.995,,,0.771,,,0.0,0.0,,,,0.0,195.097,1884.804,0.051,6.285,17.128,1689.708,171.633,,,,0.16,0.016,1.793,0.177,,,22.556,2.224,,,,,5.871,0.579,,,,0.0,0.021,0.073,0.0,0.0,0.011,0.073,0.0,0.032,0.007,0.211,0.028,,0.04,0.023,0.523,0.049,,0.068,0.0,0.001,0.001,0.0,,,,
Paraguay,2022,PRY,6780745.0,65127632896.0,0.296,0.044,9.018,-0.246,-2.659,30.454,-1.701,-5.29,4.491,0.468,,1.33,0.138,,0.004,0.001,,,,9.77,195.363,4244.535,0.051,0.0,0.0,4884.837,185.541,,,,0.0,0.0,0.0,0.0,,,21.436,3.161,,,,,8.718,1.286,,,,0.018,0.024,0.073,0.0,0.021,0.011,0.165,0.0,0.0,0.0,0.609,0.03,,0.0,0.0,0.497,0.073,,0.202,0.001,0.002,0.003,0.0,,,,
Peru,2022,PER,34049588.0,341677637632.0,5.527,0.162,60.921,4.451,7.882,40.699,1.943,5.014,1.195,0.119,0.12,1.789,0.178,0.18,2.814,0.083,,,,122.672,2006.052,7139.066,121.902,26.714,269.139,5494.171,1465.625,,9925.625,0.989,0.148,0.004,17.732,0.521,,,-20.222,-0.594,,,,,34.701,1.019,,,337.963,0.344,0.164,0.098,0.018,0.263,0.113,0.278,0.015,0.138,0.103,0.685,0.238,,0.037,0.229,-0.469,0.292,,0.32,0.002,0.003,0.005,0.0,,,,
Philippines,2022,PHL,115559008.0,1014811000832.0,10.335,0.089,150.396,7.642,5.353,174.096,6.611,3.947,1.507,0.172,0.305,1.301,0.148,0.263,80.46,0.696,,,,256.117,3680.39,14546.189,973.541,3.302,141.723,14387.74,2305.708,,4941.15,0.563,0.135,0.001,6.031,0.052,,,23.7,0.205,,,,,53.434,0.462,,,570.994,0.644,0.405,0.42,0.529,0.549,0.208,0.566,0.119,0.017,0.054,1.794,0.374,,0.034,0.078,0.55,0.45,,0.685,0.004,0.007,0.011,0.0,,,,
Poland,2022,POL,39857144.0,1231021277184.0,7.793,0.196,323.117,-7.96,-2.404,287.777,-6.125,-2.084,7.22,0.234,0.242,8.107,0.262,0.272,175.398,4.401,,,,430.916,28503.613,27609.506,23377.955,119.294,1257.793,-833.948,3163.162,154.493,29778.053,0.964,4.283,0.107,32.822,0.824,,,-35.34,-0.887,,,,,97.258,2.44,0.14,5.562,1186.868,0.485,0.87,0.694,1.152,0.924,1.608,1.074,2.854,0.616,0.48,-0.104,0.514,1.546,1.078,0.424,-0.82,0.819,1.847,0.994,0.003,0.012,0.016,0.001,,,,
Portugal,2022,PRT,10270857.0,295712915456.0,2.106,0.205,41.605,1.667,4.173,34.63,1.513,4.569,3.372,0.117,0.132,4.051,0.141,0.158,1.038,0.101,,,,163.663,2694.574,3064.481,652.156,19.726,234.034,432.585,1598.99,26.005,25574.793,0.888,0.945,0.092,10.714,1.043,,,-6.975,-0.679,,,,,25.983,2.53,0.08,0.82,262.675,0.131,0.112,0.084,0.007,0.351,0.152,0.119,0.08,0.102,0.089,0.054,0.26,0.26,0.238,0.138,-0.162,0.219,0.272,0.117,0.0,0.001,0.002,0.0,,,,
Qatar,2022,QAT,2695131.0,381778100224.0,1.537,0.57,101.34,-5.878,-5.482,101.328,-5.879,-5.484,37.597,0.265,0.179,37.601,0.265,0.179,0.0,0.0,,,,35.797,2310.033,2310.92,0.0,211.881,1716.719,1.069,345.636,,210256.281,1.484,1.856,0.689,82.446,30.591,,,-0.012,-0.004,,,,,15.501,5.751,,,566.668,0.096,0.273,0.244,0.0,0.077,0.13,0.09,0.0,1.094,0.656,0.0,0.056,,0.467,1.064,-0.0,0.131,,0.242,0.003,0.001,0.004,0.0,,,,
Romania,2022,ROU,19659270.0,504741658624.0,3.723,0.189,73.521,-3.669,-4.754,53.124,-4.832,-8.337,2.702,0.105,0.148,3.74,0.146,0.204,15.558,0.791,,,,262.235,8733.446,11775.873,2606.852,32.612,2958.303,3239.441,2835.804,37.639,18318.545,0.713,0.753,0.038,20.684,1.052,,,-20.397,-1.038,,,,,31.792,1.617,0.051,1.01,360.129,0.232,0.198,0.128,0.102,0.562,0.493,0.458,0.318,0.168,1.13,0.404,0.46,0.377,0.189,0.267,-0.473,0.268,0.335,0.361,0.001,0.004,0.006,0.0,,,,
Russia,2022,RUS,144713312.0,3731440795648.0,22.48,0.155,1652.177,-59.816,-3.494,1965.207,-44.296,-2.204,13.58,0.527,0.228,11.417,0.443,0.191,355.407,2.456,,,,1681.877,119290.812,226066.875,45986.422,1548.154,35887.473,110505.562,33613.078,573.813,59650.238,2.313,60.216,0.416,811.361,5.607,,,313.029,2.163,,,,,385.883,2.667,0.116,16.832,8632.184,1.4,4.447,4.74,2.335,3.606,6.729,8.795,5.614,7.99,13.709,13.779,5.457,5.743,15.15,10.471,7.263,3.249,5.588,6.429,0.02,0.081,0.105,0.004,,,,
Rwanda,2022,RWA,13776702.0,28466253824.0,0.222,0.016,1.548,-0.006,-0.366,2.198,-0.107,-4.657,0.16,0.077,,0.112,0.054,,0.013,0.001,,,,1.999,32.63,427.458,0.095,0.022,0.755,633.15,29.759,,,,0.0,0.0,0.11,0.008,,,0.65,0.047,,,,,1.203,0.087,,,,0.014,0.004,0.005,0.0,0.004,0.002,0.017,0.0,0.0,0.0,0.079,0.005,,0.0,0.001,0.015,0.01,,0.034,0.0,0.0,0.001,0.0,,,,
Ryukyu Islands,2022,,,,,,,,,,,,,,,,,,,,,,,,,,,,,,,,,,,,,,,,,,,,,,,,,,,,,,,,,,,,,,,,,,,,,0.001,,0.0,0.0,,,,,
Saint Helena,2022,SHN,5401.0,,0.0,0.0,0.018,0.0,0.918,,,,,,,3.299,,,0.0,0.0,,,,0.0,0.428,,0.0,0.0,0.0,,0.428,,,,0.0,0.0,0.0,0.0,,,,,,,,,0.018,3.299,,,,0.0,0.0,,0.0,0.0,0.0,,0.0,0.0,0.0,,0.0,,0.0,0.0,,0.0,,0.0,0.0,0.0,0.0,0.0,,,,
Saint Kitts and Nevis,2022,KNA,47681.0,,0.0,0.0,0.224,0.002,0.922,0.164,0.004,2.665,3.432,,,4.708,,,0.0,0.0,,,,0.0,6.819,3.199,0.0,0.0,0.0,-1.671,6.819,,,,0.0,0.0,0.0,0.0,,,-0.061,-1.276,,,,,0.224,4.708,,,,0.0,0.001,0.0,0.0,0.0,0.0,0.0,0.0,0.0,0.0,-0.0,0.001,,0.0,0.0,-0.001,0.002,,0.0,0.0,0.0,0.0,0.0,,,,
Saint Lucia,2022,LCA,179872.0,1749086208.0,0.0,0.0,0.47,0.004,0.922,0.374,0.008,2.083,2.078,0.214,,2.615,0.269,,0.0,0.0,,,,0.0,15.34,15.433,0.0,0.0,0.0,1.562,15.34,,,,0.0,0.0,0.0,0.0,,,-0.097,-0.537,,,,,0.47,2.615,,,,0.0,0.001,0.001,0.0,0.0,0.001,0.001,0.0,0.0,0.0,0.0,0.002,,0.0,0.0,-0.002,0.004,,0.001,0.0,0.0,0.0,0.0,,,,
Saint Pierre and Miquelon,2022,SPM,5885.0,,,,0.061,0.001,0.923,,,,,,,10.293,,,0.0,0.0,,,,,3.818,,0.495,0.0,0.0,,3.322,,,,0.0,0.0,0.0,0.0,,,,,,,,,0.061,10.293,,,,,0.0,,0.0,,0.0,,0.0,0.0,0.0,,0.001,,0.0,0.0,,0.001,,0.0,,0.0,0.0,,,,,
Saint Vincent and the Grenadines,2022,VCT,103959.0,,0.0,0.0,0.239,0.002,0.922,0.196,0.001,0.498,1.885,,,2.296,,,0.0,0.0,,,,0.0,7.47,10.137,0.0,0.0,0.0,3.066,7.47,,,,0.0,0.0,0.0,0.0,,,-0.043,-0.411,,,,,0.239,2.296,,,,0.0,0.001,0.0,0.0,0.0,0.0,0.0,0.0,0.0,0.0,0.0,0.001,,0.0,0.0,-0.001,0.002,,0.0,0.0,0.0,0.0,0.0,,,,
Samoa,2022,WSM,222390.0,,0.0,0.0,0.249,-0.003,-1.127,0.09,0.005,6.475,0.405,,,1.122,,,0.0,0.0,,,,0.0,7.306,9.531,0.0,0.0,0.0,9.769,7.306,,,,0.0,0.0,0.0,0.0,,,-0.159,-0.717,,,,,0.249,1.122,,,,0.0,0.001,0.0,0.0,0.0,0.0,0.0,0.0,0.0,0.0,0.001,0.001,,0.0,0.0,-0.004,0.002,,0.002,0.0,0.0,0.0,0.0,,,,
San Marino,2022,SMR,33690.0,,,,,,,,,,,,,,,,,,,,,,,,,,,-0.134,,,,,,,,,,,-0.015,,,,,,,,,,,,,,,,,,,,,-0.0,,,,,-0.0,,,,,,,,,,,
Sao Tome and Principe,2022,STP,227393.0,825238400.0,0.0,0.0,0.132,-0.013,-9.232,0.113,-0.01,-8.239,0.499,0.138,,0.582,0.16,,0.0,0.0,,,,0.0,3.737,9.943,0.0,0.0,0.0,12.688,3.737,,,,0.0,0.0,0.0,0.0,,,-0.019,-0.082,,,,,0.132,0.582,,,,0.0,0.0,0.0,0.0,0.0,0.0,0.0,0.0,0.0,0.0,0.002,0.001,,0.0,0.0,-0.0,0.001,,0.0,0.0,0.0,0.0,0.0,,,,
Saudi Arabia,2022,SAU,36408824.0,1823886278656.0,29.997,0.824,662.549,31.112,4.927,666.512,31.221,4.914,18.306,0.365,,18.197,0.363,,0.432,0.012,,,,590.299,17595.887,17798.082,3.21,1061.458,5305.909,168.169,10635.013,,,,3.496,0.096,277.737,7.628,,,3.962,0.109,,,,,350.887,9.637,,,,1.868,1.783,1.608,0.003,1.266,0.993,0.692,0.0,5.478,2.027,0.021,1.727,,0.88,3.584,0.092,2.954,,0.788,0.005,0.008,0.013,0.0,,,,
Senegal,2022,SEN,17316452.0,51913994240.0,2.896,0.167,11.668,0.128,1.111,10.475,0.602,6.099,0.605,0.202,,0.674,0.225,,1.348,0.078,,,,44.716,270.902,659.795,20.814,0.011,1.12,798.104,204.24,,,,0.0,0.0,0.026,0.002,,,-1.194,-0.069,,,,,7.398,0.427,,,,0.18,0.031,0.025,0.009,0.096,0.015,0.026,0.003,0.0,0.0,0.1,0.033,,0.0,0.0,-0.028,0.062,,0.058,0.0,0.0,0.001,0.0,,,,
Serbia,2022,SRB,7221365.0,116834639872.0,1.084,0.15,43.507,-0.399,-0.909,31.396,-0.176,-0.558,4.348,0.269,,6.025,0.372,,28.927,4.006,,,,73.598,2895.876,3598.404,2143.465,1.061,202.791,1479.203,474.961,,,,0.001,0.0,5.01,0.694,,,-12.11,-1.677,,,,,8.486,1.175,,,,0.067,0.117,0.076,0.19,0.158,0.163,0.14,0.262,0.005,0.077,0.184,0.077,,0.0,0.065,-0.281,0.071,,0.125,0.0,0.001,0.002,0.0,,,,
Seychelles,2022,SYC,107135.0,3053368064.0,0.0,0.0,0.659,-0.004,-0.571,0.659,-0.004,-0.571,6.15,0.216,,6.15,0.216,,0.0,0.0,,,,0.0,14.926,14.926,0.0,0.0,0.0,0.0,14.926,,,,0.0,0.0,0.0,0.0,,,0.0,0.0,,,,,0.659,6.15,,,,0.0,0.002,0.002,0.0,0.0,0.001,0.001,0.0,0.0,0.0,0.0,0.002,,0.0,0.0,0.0,0.006,,0.001,0.0,0.0,0.0,0.0,,,,
Sierra Leone,2022,SLE,8605723.0,11681270784.0,0.0,0.0,1.129,0.02,1.775,8.644,-0.52,-5.679,1.004,0.74,,0.131,0.097,,0.0,0.0,,,,0.0,38.809,2846.598,0.864,0.0,0.0,2807.789,37.945,,,,0.0,0.0,0.0,0.0,,,7.514,0.873,,,,,1.129,0.131,,,,0.0,0.003,0.021,0.0,0.0,0.002,0.111,0.0,0.0,0.0,0.35,0.006,,0.0,0.0,0.174,0.01,,0.057,0.0,0.001,0.001,0.0,,,,
Singapore,2022,SGP,5975689.0,461801127936.0,0.0,0.0,53.252,-2.578,-4.618,53.453,-2.571,-4.588,8.945,0.116,0.061,8.912,0.115,0.06,1.865,0.312,,,,0.0,2190.389,2211.608,26.096,0.0,370.975,21.219,1793.318,,147572.328,1.91,0.0,0.0,21.392,3.58,,,0.201,0.034,,,,,29.995,5.02,,,881.846,0.0,0.143,0.129,0.012,0.0,0.124,0.086,0.003,0.0,0.142,0.003,0.291,,0.0,0.276,0.005,0.253,,0.08,0.0,0.001,0.001,0.0,,,,
Sint Maarten (Dutch part),2022,SXM,44192.0,,0.0,0.0,0.634,0.006,0.922,,,,,,,14.352,,,0.0,0.0,,,,0.0,66.929,,0.0,0.0,0.0,,66.929,,,,0.0,0.0,0.0,0.0,,,,,,,,,0.634,14.352,,,,0.0,0.002,,0.0,0.0,0.004,,0.0,0.0,0.0,,0.011,,0.0,0.0,,0.005,,0.002,,0.0,0.0,,,,,
Slovakia,2022,SVK,5643455.0,150360424448.0,1.453,0.257,34.152,-1.015,-2.887,31.651,-1.253,-3.807,5.608,0.211,0.176,6.052,0.227,0.19,11.166,1.979,,,,90.713,3968.448,4409.615,2683.407,0.744,517.08,491.716,643.09,33.415,31876.369,1.196,0.014,0.003,10.399,1.843,,,-2.501,-0.443,,,,,10.231,1.813,0.157,0.888,179.893,0.09,0.092,0.076,0.073,0.194,0.224,0.172,0.328,0.004,0.198,0.061,0.104,0.334,0.004,0.134,-0.058,0.086,0.295,0.133,0.0,0.002,0.002,0.0,,,,
Slovenia,2022,SVN,2119843.0,69385347072.0,0.469,0.221,12.715,-0.345,-2.643,14.077,-0.687,-4.654,6.64,0.203,0.199,5.998,0.183,0.18,2.993,1.412,,,,28.707,886.81,1170.497,383.333,4.717,71.56,376.719,393.763,4.73,33305.18,1.018,0.113,0.053,1.845,0.87,,,1.362,0.642,,,,,7.177,3.386,0.056,0.119,70.602,0.029,0.034,0.034,0.02,0.062,0.05,0.046,0.047,0.024,0.027,0.047,0.064,0.047,0.028,0.024,0.032,0.06,0.039,0.041,0.0,0.0,0.001,0.0,,,,
Solomon Islands,2022,SLB,724272.0,,0.0,0.0,0.299,-0.003,-1.127,4.783,-0.124,-2.517,6.604,,,0.412,,,0.0,0.0,,,,0.0,11.021,178.076,0.0,0.0,0.0,186.447,11.021,,,,0.0,0.0,0.0,0.0,,,4.484,6.192,,,,,0.299,0.412,,,,0.0,0.001,0.012,0.0,0.0,0.001,0.007,0.0,0.0,0.0,0.023,0.002,,0.0,0.0,0.104,0.003,,0.004,0.0,0.0,0.0,0.0,,,,
Somalia,2022,SOM,17597508.0,,,,0.647,-0.004,-0.571,22.227,1.138,5.398,1.263,,,0.037,,,0.0,0.0,,,,,34.03,990.833,0.0,0.0,0.0,1114.498,33.925,,,,0.0,0.0,0.0,0.0,,,21.58,1.226,,,,,0.647,0.037,,,,,0.002,0.054,0.0,,0.002,0.039,0.0,0.0,0.0,0.139,0.006,,0.0,0.0,0.501,0.005,,0.094,0.001,0.0,0.002,0.0,,,,
South Africa,2022,ZAF,59893884.0,723559317504.0,5.282,0.088,404.054,-21.574,-5.069,405.18,-20.746,-4.871,6.765,0.56,0.299,6.746,0.558,0.299,338.135,5.646,,,,259.886,21859.98,28807.268,18862.076,4.164,211.911,7329.295,2521.947,,22594.381,1.87,0.038,0.001,11.021,0.184,,,1.126,0.019,,,,,49.578,0.828,,,1353.265,0.329,1.088,0.977,2.222,0.557,1.233,1.121,2.303,0.021,0.081,0.914,0.409,,0.01,0.142,0.026,0.417,,1.04,0.004,0.012,0.017,0.001,,,,
South America,2022,,436816679.0,,46.879,0.107,1085.392,-0.514,-0.047,2312.667,-61.459,-2.589,5.298,0.378,0.326,2.487,0.178,0.153,95.369,0.218,,,,1689.836,45060.84,218482.766,4976.318,2155.169,8304.478,191638.453,27759.01,176.029,17016.16,,39.319,0.09,249.427,0.571,,,1227.275,2.812,,,,,648.007,1.485,0.015,6.392,7432.943,2.92,2.922,5.578,0.627,3.623,2.542,8.5,0.607,11.123,3.172,23.895,4.507,1.762,9.893,3.219,28.475,5.456,2.122,9.161,0.046,0.097,0.15,0.007,,,,
South America (GCP),2022,,,,,,1085.392,,,,,,,,,,,,,,,,,,,,,,,,,,,,,,,,,,,,,,,,,,,,,,,,,,,,,,,,,,,,,,,,,,,,,,,
South Korea,2022,KOR,51815808.0,2137558614016.0,23.409,0.452,600.999,-15.076,-2.447,594.387,-15.246,-2.501,11.471,0.278,0.168,11.599,0.281,0.17,268.032,5.173,,,,982.958,19528.814,19514.629,8625.464,0.012,2209.363,44.141,7488.37,222.646,68364.156,1.657,0.006,0.0,125.663,2.425,,,-6.612,-0.128,,,,,173.707,3.352,0.197,10.183,3542.344,1.458,1.618,1.434,1.761,2.107,1.102,0.759,1.053,0.0,0.844,0.006,1.216,2.228,0.002,1.622,-0.153,1.462,3.381,0.676,0.002,0.009,0.011,0.0,,,,
South Sudan,2022,SSD,10913172.0,,0.0,0.0,1.834,-0.011,-0.571,13.347,-1.698,-11.289,1.223,,,0.168,,,0.0,0.0,,,,0.0,43.324,1471.414,0.109,0.0,0.0,1977.782,43.216,,,,0.0,0.0,0.0,0.0,,,11.514,1.055,,,,,1.834,0.168,,,,0.0,0.005,0.032,0.0,0.0,0.002,0.057,0.0,0.0,0.0,0.247,0.007,,0.0,0.0,0.267,0.015,,0.16,0.001,0.001,0.003,0.001,,,,
Spain,2022,ESP,47558632.0,1625139970048.0,8.072,0.17,245.614,15.344,6.664,225.618,15.309,7.279,4.744,0.139,0.142,5.164,0.151,0.154,22.851,0.48,,,,712.95,15299.339,17449.807,4882.646,87.118,1719.799,2152.712,7781.184,115.644,33454.09,0.979,3.511,0.074,65.619,1.38,,,-19.995,-0.42,,,,,142.661,3.0,0.061,2.9,1591.031,0.503,0.661,0.544,0.15,1.529,0.863,0.679,0.596,0.45,0.657,0.268,1.263,1.157,0.883,0.847,-0.464,1.201,0.963,0.607,0.002,0.007,0.01,0.001,,,,
Sri Lanka,2022,LKA,21832150.0,254748606464.0,1.504,0.069,17.327,-2.792,-13.875,21.698,-3.176,-12.769,0.994,0.085,0.222,0.794,0.068,0.178,6.08,0.278,,,,27.223,533.97,2121.389,69.654,0.0,0.0,2786.651,437.094,,4469.398,0.383,0.0,0.0,0.0,0.0,,,4.371,0.2,,,,,9.743,0.446,,,97.577,0.094,0.047,0.052,0.04,0.058,0.03,0.083,0.009,0.0,0.0,0.347,0.071,,0.0,0.0,0.101,0.082,,0.098,0.001,0.001,0.002,0.0,,,,
St. Kitts-Nevis-Anguilla,2022,,,,,,,,,,,,,,,,,,,,,,,,,,,,,,,,,,,,,,,,,,,,,,,,,,,,,,,,,,,,,,,,,,,,,0.0,,0.0,0.0,,,,,
Sudan,2022,SDN,46874200.0,,1.556,0.033,22.013,-0.172,-0.774,32.0,-1.815,-5.366,0.683,,,0.47,,,0.0,0.0,,,,22.856,500.817,2827.898,1.286,12.935,0.0,2743.221,463.74,,,,0.399,0.009,0.0,0.0,,,9.987,0.213,,,,,20.059,0.428,,,,0.097,0.059,0.077,0.0,0.049,0.028,0.11,0.0,0.067,0.0,0.342,0.075,,0.1,0.0,0.232,0.169,,0.283,0.003,0.002,0.005,0.001,,,,
Suriname,2022,SUR,618046.0,,0.02,0.032,3.587,-0.096,-2.609,5.363,-0.096,-1.755,8.677,,,5.803,,,0.0,0.0,,,,1.332,124.659,257.516,1.378,0.004,0.193,171.184,121.752,,,,0.004,0.007,0.016,0.026,,,1.776,2.874,,,,,3.547,5.739,,,,0.001,0.01,0.013,0.0,0.003,0.007,0.01,0.0,0.0,0.0,0.021,0.02,,0.001,0.0,0.041,0.03,,0.01,0.0,0.0,0.0,0.0,,,,
Sweden,2022,SWE,10549349.0,494214545408.0,1.259,0.119,38.051,-0.474,-1.231,43.668,-0.406,-0.921,4.139,0.088,0.07,3.607,0.077,0.061,6.992,0.663,,,,113.067,5063.768,8483.882,1516.286,17.031,72.325,3421.093,3324.858,20.2,58931.953,1.258,0.009,0.001,1.423,0.135,,,5.618,0.533,,,,,27.848,2.64,0.049,0.519,621.694,0.078,0.102,0.105,0.046,0.242,0.286,0.33,0.185,0.088,0.028,0.427,0.54,0.202,0.002,0.018,0.13,0.234,0.172,0.239,0.001,0.003,0.004,0.0,,,,
Switzerland,2022,CHE,8740471.0,559384952832.0,1.732,0.198,35.38,-0.407,-1.138,34.955,-0.344,-0.974,3.999,0.062,0.12,4.048,0.063,0.122,0.421,0.048,,,,139.958,3095.767,3345.79,592.429,1.26,237.341,279.567,2117.594,7.185,33191.535,0.519,0.02,0.002,6.133,0.702,,,-0.425,-0.049,,,,,26.903,3.078,0.02,0.171,290.11,0.108,0.095,0.084,0.003,0.3,0.175,0.13,0.072,0.007,0.091,0.035,0.344,0.072,0.005,0.079,-0.01,0.226,0.057,0.11,0.0,0.001,0.002,0.0,,,,
Syria,2022,SYR,22125242.0,52353138688.0,0.873,0.039,27.635,0.418,1.537,27.038,0.458,1.721,1.222,0.516,,1.249,0.528,,0.007,0.0,,,,75.369,1949.006,2408.234,0.638,129.031,303.434,529.272,1440.535,,,,2.003,0.091,5.954,0.269,,,-0.597,-0.027,,,,,18.798,0.85,,,,0.054,0.074,0.065,0.0,0.162,0.11,0.094,0.0,0.666,0.116,0.066,0.234,,0.504,0.077,-0.014,0.158,,0.116,0.001,0.001,0.002,0.0,,,,
Taiwan,2022,TWN,23893396.0,1247874383872.0,5.485,0.23,277.901,-13.3,-4.567,,,,,,,11.631,0.223,0.211,152.399,6.378,,,,409.374,9613.967,,4770.394,0.0,911.538,,3478.462,44.199,55197.621,1.057,0.0,0.0,59.507,2.491,,,,,,,,,59.679,2.498,0.035,0.831,1318.859,0.342,0.748,,1.001,0.878,0.542,,0.582,0.0,0.348,,0.565,0.442,0.0,0.768,,0.502,0.276,0.318,0.001,0.004,0.005,0.0,,,,
Tajikistan,2022,TJK,9952789.0,50544009216.0,1.955,0.196,10.017,0.037,0.371,9.687,0.045,0.472,0.973,0.192,,1.006,0.198,,3.802,0.382,,,,22.751,493.389,609.564,127.903,2.091,84.764,119.49,255.88,,,,0.0,0.0,0.38,0.038,,,-0.33,-0.033,,,,,3.88,0.39,,,,0.122,0.027,0.023,0.025,0.049,0.028,0.024,0.016,0.011,0.032,0.015,0.042,,0.0,0.005,-0.008,0.033,,0.041,0.0,0.0,0.001,0.0,,,,
Tanzania,2022,TZA,65497752.0,198220414976.0,2.519,0.038,15.57,0.153,0.991,45.735,-4.913,-9.7,0.698,0.231,,0.238,0.079,,2.137,0.033,,,,31.74,276.598,7669.413,17.03,0.009,27.603,9994.751,200.216,,,,0.0,0.0,2.079,0.032,,,30.165,0.461,,,,,8.835,0.135,,,,0.157,0.042,0.11,0.014,0.068,0.016,0.298,0.002,0.0,0.011,1.246,0.033,,0.0,0.027,0.7,0.074,,0.427,0.002,0.004,0.007,0.001,,,,
Thailand,2022,THA,71697024.0,1124143726592.0,21.151,0.295,270.746,3.527,1.32,307.98,1.43,0.467,4.296,0.274,0.222,3.776,0.241,0.195,69.761,0.973,,,,646.961,7772.627,23694.391,1743.369,13.687,1857.932,20213.436,3510.678,,19357.754,1.235,0.409,0.006,75.611,1.055,,,37.233,0.519,,,,,103.815,1.448,,,1387.893,1.317,0.729,0.743,0.458,1.387,0.438,0.922,0.213,0.071,0.71,2.52,0.57,,0.103,0.976,0.864,0.874,,0.884,0.005,0.009,0.014,0.001,,,,
Togo,2022,TGO,8848700.0,14265659392.0,0.92,0.104,2.576,0.02,0.771,2.348,-0.092,-3.775,0.265,0.165,,0.291,0.181,,0.0,0.0,,,,21.953,71.219,512.355,0.0,0.0,1.153,967.942,48.113,,,,0.0,0.0,0.187,0.021,,,-0.227,-0.026,,,,,1.468,0.166,,,,0.057,0.007,0.006,0.0,0.047,0.004,0.02,0.0,0.0,0.0,0.121,0.008,,0.0,0.002,-0.005,0.012,,0.029,0.0,0.0,0.0,0.0,,,,
Tonga,2022,TON,106867.0,,0.0,0.0,0.189,-0.002,-1.127,0.198,-0.004,-1.761,1.852,,,1.769,,,0.0,0.0,,,,0.0,4.788,7.29,0.0,0.0,0.0,3.408,4.788,,,,0.0,0.0,0.0,0.0,,,0.009,0.083,,,,,0.189,1.769,,,,0.0,0.001,0.0,0.0,0.0,0.0,0.0,0.0,0.0,0.0,0.0,0.001,,0.0,0.0,0.0,0.002,,0.001,0.0,0.0,0.0,0.0,,,,
Trinidad and Tobago,2022,TTO,1531043.0,37513383936.0,0.282,0.184,34.332,-1.201,-3.379,34.105,-1.183,-3.352,22.276,0.909,0.197,22.424,0.915,0.198,0.0,0.0,,,,13.3,1637.354,1623.645,0.231,106.976,1083.964,70.999,432.883,,113031.766,4.613,0.299,0.195,30.401,19.857,,,-0.227,-0.148,,,,,3.349,2.188,,,173.056,0.018,0.092,0.082,0.0,0.029,0.092,0.063,0.0,0.552,0.414,0.009,0.07,,0.075,0.392,-0.005,0.028,,0.097,0.001,0.001,0.002,0.0,,,,
Tunisia,2022,TUN,12356116.0,129457963008.0,4.245,0.344,35.577,0.332,0.943,33.809,0.24,0.715,2.736,0.261,,2.879,0.275,,0.0,0.0,,,,132.696,996.671,1467.839,14.601,18.783,288.533,569.851,542.058,,,,0.525,0.042,15.996,1.295,,,-1.768,-0.143,,,,,14.812,1.199,,,,0.264,0.096,0.082,0.0,0.284,0.056,0.057,0.002,0.097,0.11,0.071,0.088,,0.132,0.206,-0.041,0.125,,0.075,0.0,0.001,0.001,0.0,,,,
Turkey,2022,TUR,85341248.0,2385996414976.0,38.253,0.448,435.685,-17.018,-3.759,402.311,-16.152,-3.86,4.714,0.169,0.204,5.105,0.183,0.221,167.182,1.959,,,,950.764,11786.776,17690.869,4806.602,5.805,1881.356,6127.254,3993.823,148.425,23108.615,0.827,0.21,0.002,98.9,1.159,,,-33.374,-0.391,,,,,124.751,1.462,0.075,6.389,1972.118,2.383,1.173,0.97,1.098,2.038,0.665,0.688,0.587,0.03,0.719,0.764,0.648,1.485,0.053,1.276,-0.774,1.05,2.121,0.652,0.003,0.006,0.011,0.001,,,,
Turkmenistan,2022,TKM,6430777.0,97502945280.0,0.801,0.125,70.958,0.984,1.406,70.747,1.004,1.44,11.001,0.726,0.156,11.034,0.728,0.157,0.0,0.0,,,,36.574,2517.083,2690.19,62.036,77.913,1326.393,176.31,1014.167,,70412.789,4.644,2.011,0.313,46.991,7.307,,,-0.211,-0.033,,,,,21.155,3.29,,,452.809,0.05,0.191,0.171,0.0,0.078,0.142,0.105,0.008,0.402,0.507,0.022,0.165,,0.506,0.606,-0.005,0.178,,0.229,0.002,0.002,0.004,0.0,,,,
Turks and Caicos Islands,2022,TCA,45726.0,,0.0,0.0,0.349,0.003,0.922,,,,,,,7.637,,,0.0,0.0,,,,0.0,6.84,,0.0,0.0,0.0,,6.84,,,,0.0,0.0,0.0,0.0,,,,,,,,,0.349,7.637,,,,0.0,0.001,,0.0,0.0,0.0,,0.0,0.0,0.0,,0.001,,0.0,0.0,,0.003,,0.0,0.0,0.0,0.0,0.0,,,,
Tuvalu,2022,TUV,11335.0,,0.0,0.0,0.011,-0.0,-1.133,0.011,-0.0,-1.133,1.0,,,1.0,,,0.0,0.0,,,,0.0,0.301,0.301,0.0,0.0,0.0,0.0,0.301,,,,0.0,0.0,0.0,0.0,,,0.0,0.0,,,,,0.011,1.0,,,,0.0,0.0,0.0,0.0,0.0,0.0,0.0,0.0,0.0,0.0,0.0,0.0,,0.0,0.0,0.0,0.0,,0.0,0.0,0.0,0.0,0.0,,,,
Uganda,2022,UGA,47249588.0,101995421696.0,0.628,0.013,6.022,-0.031,-0.512,9.318,-0.426,-4.371,0.197,0.091,,0.127,0.059,,0.0,0.0,,,,9.035,118.371,2463.44,0.0,0.0,0.0,3325.354,109.336,,,,0.0,0.0,0.0,0.0,,,3.296,0.07,,,,,5.394,0.114,,,,0.039,0.016,0.022,0.0,0.019,0.007,0.096,0.0,0.0,0.0,0.415,0.018,,0.0,0.0,0.076,0.045,,0.178,0.001,0.001,0.003,0.0,,,,
Ukraine,2022,UKR,39701744.0,309166669824.0,4.339,0.109,141.253,-68.9,-32.786,145.142,-69.187,-32.281,3.656,0.469,0.225,3.558,0.457,0.219,56.817,1.431,,,,405.28,30961.504,44379.809,17138.24,173.089,6349.307,13790.019,6777.875,117.713,16272.95,2.09,2.253,0.057,42.131,1.061,,,3.889,0.098,,,,,32.836,0.827,0.072,2.877,646.065,0.27,0.38,0.35,0.373,0.869,1.746,1.727,2.092,0.893,2.425,1.719,1.1,1.178,0.567,0.544,0.09,0.276,0.955,1.373,0.003,0.018,0.022,0.001,,,,
United Arab Emirates,2022,ARE,9441138.0,779701518336.0,5.239,0.555,243.895,6.646,2.801,243.892,6.617,2.789,25.833,0.313,0.18,25.833,0.313,0.18,8.985,0.952,,,,152.71,5469.927,5471.421,91.092,430.229,3166.183,1.099,1629.713,,143594.344,1.739,1.743,0.185,142.576,15.102,,,-0.003,-0.0,,,,,85.353,9.04,,,1355.694,0.326,0.657,0.588,0.059,0.327,0.309,0.213,0.011,2.22,1.21,0.0,0.265,,0.439,1.84,-0.0,0.719,,0.271,0.002,0.002,0.004,0.0,,,,
United Kingdom,2022,GBR,67508936.0,2615230595072.0,4.073,0.06,318.654,-28.811,-8.292,334.585,-28.302,-7.799,4.956,0.128,0.166,4.72,0.122,0.158,19.581,0.29,,,,527.935,78834.703,78481.664,56877.539,293.749,7320.931,3237.034,13696.697,117.853,29904.859,0.772,3.237,0.048,136.709,2.025,,,15.931,0.236,,,,,152.507,2.259,0.038,2.548,2018.845,0.254,0.858,0.807,0.129,1.132,4.447,3.053,6.943,1.516,2.797,0.404,2.224,1.179,0.814,1.764,0.37,1.284,0.846,2.436,0.003,0.035,0.04,0.002,,,,
United States,2022,USA,338289856.0,19493170446336.0,41.418,0.122,5057.304,25.091,0.499,5199.053,39.244,0.761,15.369,0.267,0.196,14.95,0.259,0.191,934.698,2.763,,,,2837.357,426914.531,554793.375,176367.406,2449.554,80304.766,128048.992,163507.312,1448.17,78347.914,1.36,63.294,0.187,1743.539,5.154,,,141.749,0.419,,,,,2249.519,6.65,0.073,24.837,26504.305,2.58,13.613,12.54,6.142,6.083,24.08,21.585,21.53,12.643,30.677,15.966,26.547,14.494,15.925,22.502,3.289,18.939,8.246,17.272,0.035,0.237,0.282,0.011,,,,
Upper-middle-income countries,2022,,2555055874.0,,985.987,0.349,17616.729,165.843,0.95,21536.541,239.907,1.127,7.612,0.433,0.293,6.227,0.354,0.24,10017.983,3.541,,,,24254.502,553307.875,1045854.25,294739.969,6906.161,72062.039,542977.438,149193.156,6152.021,28782.396,,182.89,0.065,2573.584,0.91,,,3927.828,1.388,,,,,3648.083,1.289,0.074,208.202,73540.633,61.414,47.421,51.946,65.824,52.0,31.21,40.69,35.98,35.644,27.528,67.703,24.223,61.571,46.016,33.214,91.134,30.713,69.124,39.377,0.181,0.435,0.644,0.028,,,,
Uruguay,2022,URY,3422796.0,69066227712.0,0.355,0.104,7.893,-0.209,-2.581,10.95,-0.71,-6.089,3.199,0.159,,2.306,0.114,,0.004,0.001,,,,21.166,387.785,589.619,4.093,0.0,3.004,599.588,359.522,,,,0.0,0.0,0.135,0.039,,,3.057,0.893,,,,,7.4,2.162,,,,0.022,0.021,0.026,0.0,0.045,0.022,0.023,0.0,0.0,0.001,0.075,0.058,,0.0,0.002,0.071,0.062,,0.143,0.001,0.001,0.002,0.0,,,,
Uzbekistan,2022,UZB,34627648.0,393572450304.0,6.157,0.178,120.61,4.222,3.628,119.593,4.336,3.762,3.454,0.304,0.203,3.483,0.306,0.205,11.512,0.332,,,,181.384,6483.168,6886.979,569.427,115.489,3956.179,415.626,1660.688,,17004.094,1.496,0.823,0.024,87.822,2.536,,,-1.017,-0.029,,,,,14.296,0.413,,,588.812,0.383,0.325,0.288,0.076,0.389,0.366,0.268,0.07,0.596,1.511,0.052,0.27,,0.207,1.133,-0.024,0.12,,0.396,0.003,0.003,0.006,0.0,,,,
Vanuatu,2022,VUT,326744.0,,0.0,0.0,0.208,-0.002,-1.128,-0.747,0.004,-0.499,-2.287,,,0.636,,,0.0,0.0,,,,0.0,5.233,91.263,0.155,0.0,0.0,169.272,5.078,,,,0.0,0.0,0.0,0.0,,,-0.955,-2.923,,,,,0.208,0.636,,,,0.0,0.001,-0.002,0.0,0.0,0.0,0.004,0.0,0.0,0.0,0.021,0.001,,0.0,0.0,-0.022,0.002,,0.005,0.0,0.0,0.0,0.0,,,,
Vatican,2022,VAT,,,,,,,,,,,,,,,,,,,,,,,,,,,,-0.002,,,,,,,,,,,-0.0,,,,,,,,,,,,,,,,,,,,,-0.0,,,,,-0.0,,,,,,,,,,,
Venezuela,2022,VEN,28301700.0,149682061312.0,0.986,0.035,76.892,5.279,7.371,84.029,4.852,6.128,2.969,0.561,0.129,2.717,0.514,0.118,0.172,0.006,,,,149.568,7642.842,12564.338,38.28,1200.836,2354.267,6699.188,3899.891,,22976.66,4.344,16.19,0.572,34.615,1.223,,,7.137,0.252,,,,,24.929,0.881,,,650.279,0.061,0.207,0.203,0.001,0.321,0.431,0.489,0.005,6.198,0.899,0.835,0.633,,4.074,0.447,0.166,0.21,,0.629,0.004,0.006,0.01,0.0,,,,
Vietnam,2022,VNM,98186856.0,833803845632.0,58.552,0.596,343.607,-8.946,-2.538,595.342,-10.133,-1.673,6.063,0.714,0.479,3.5,0.412,0.276,201.102,2.048,,,,697.919,5023.284,14490.81,2494.256,38.913,325.196,10991.265,1467.0,,12670.408,1.492,1.11,0.011,14.815,0.151,,,251.735,2.564,,,,,68.028,0.693,,,1244.068,3.647,0.925,1.436,1.321,1.496,0.283,0.564,0.304,0.201,0.124,1.37,0.238,,0.279,0.191,5.841,0.573,,0.691,0.005,0.006,0.011,0.0,,,,
Wallis and Futuna,2022,WLF,11596.0,,0.0,0.0,0.026,-0.0,-1.128,,,,,,,2.282,,,0.0,0.0,,,,0.0,0.797,,0.0,0.0,0.0,,0.797,,,,0.0,0.0,0.0,0.0,,,,,,,,,0.026,2.282,,,,0.0,0.0,,0.0,0.0,0.0,,0.0,0.0,0.0,,0.0,,0.0,0.0,,0.0,,0.0,,0.0,0.0,,,,,
World,2022,,7975105024.0,130112561348608.0,1605.474,0.201,37149.785,333.242,0.905,41459.738,321.614,0.782,5.199,0.319,0.246,4.658,0.286,0.22,15219.304,1.908,37149.785,4.658,0.286,46643.25,1772867.5,2570295.0,819172.75,19375.447,261774.234,802000.125,615910.062,9991.812,21154.355,1.297,397.452,0.05,7748.47,0.972,,,4309.951,0.54,,,,,11877.886,1.489,0.038,301.199,168708.203,100.0,100.0,100.0,100.0,100.0,100.0,100.0,100.0,100.0,100.0,100.0,100.0,100.0,100.0,100.0,100.0,100.0,100.0,100.0,0.417,1.136,1.635,0.083,,,0.0,0.0
Yemen,2022,YEM,33696612.0,60852994048.0,0.629,0.019,11.356,-0.232,-1.998,9.319,-0.407,-4.187,0.277,0.153,,0.337,0.187,,0.572,0.017,,,,23.563,687.573,707.822,5.837,44.511,14.019,-39.668,599.642,,,,1.368,0.041,0.266,0.008,,,-2.037,-0.06,,,,,8.523,0.253,,,,0.039,0.031,0.022,0.004,0.051,0.039,0.028,0.001,0.23,0.005,-0.005,0.097,,0.344,0.003,-0.047,0.072,,0.071,0.001,0.0,0.001,0.0,,,,
Zambia,2022,ZMB,20017670.0,68469604352.0,1.059,0.053,8.922,0.259,2.987,69.994,-2.009,-2.79,3.497,1.022,,0.446,0.13,,3.009,0.15,,,,18.428,268.459,5058.892,123.455,0.0,0.0,8154.827,126.576,,,,0.0,0.0,0.0,0.0,,,61.072,3.051,,,,,4.854,0.242,,,,0.066,0.024,0.169,0.02,0.04,0.015,0.197,0.015,0.0,0.0,1.017,0.021,,0.0,0.0,1.417,0.041,,0.215,0.001,0.002,0.004,0.0,,,,
Zimbabwe,2022,ZWE,16320539.0,25901586432.0,0.531,0.033,8.856,0.46,5.477,15.58,0.067,0.432,0.955,0.602,,0.543,0.342,,5.027,0.308,,,,21.067,798.694,3042.71,623.777,0.0,0.0,2299.374,153.851,,,,0.0,0.0,0.0,0.0,,,6.724,0.412,,,,,3.298,0.202,,,,0.033,0.024,0.038,0.033,0.045,0.045,0.118,0.076,0.0,0.0,0.287,0.025,,0.0,0.0,0.156,0.028,,0.11,0.001,0.001,0.002,0.0,,,,
